h,m,s,voltage
8.00,38.00,15.85500,3.6070913
8.00,38.00,18.29700,3.6037301
8.00,38.00,20.72900,3.6006125
8.00,38.00,23.16400,3.5978901
8.00,38.00,25.60200,3.5954167
8.00,38.00,28.03900,3.5931328
8.00,38.00,30.47900,3.5909879
8.00,38.00,32.92000,3.5889626
8.00,38.00,35.36800,3.5870385
8.00,38.00,37.81600,3.5441779
8.00,38.00,40.25200,3.4653414
8.00,38.00,42.68600,3.4205839
8.00,38.00,45.12600,3.3901126
8.00,38.00,47.56300,3.3677652
8.00,38.00,50.00400,3.3504194
8.00,38.00,52.45200,3.3364134
8.00,38.00,54.88800,3.3249403
8.00,38.00,57.34100,3.3154374
8.00,38.00,59.78200,3.3075236
8.00,39.00,2.22400,3.3009058
8.00,39.00,4.67300,3.2953254
8.00,39.00,7.11400,3.2906543
8.00,39.00,9.55100,3.2867124
8.00,39.00,11.99000,3.2833804
8.00,39.00,14.43200,3.2805675
8.00,39.00,16.87000,3.2781867
8.00,39.00,19.30800,3.2762088
8.00,39.00,21.74800,3.2745487
8.00,39.00,24.17700,3.273173
8.00,39.00,26.62700,3.2720397
8.00,39.00,29.06300,3.2711035
8.00,39.00,31.50400,3.2703462
8.00,39.00,33.94500,3.2697116
8.00,39.00,36.37700,3.2691913
8.00,39.00,38.81000,3.2687722
8.00,39.00,41.24800,3.2684114
8.00,39.00,43.68500,3.2681194
8.00,39.00,46.11600,3.2678716
8.00,39.00,48.55700,3.2676734
8.00,39.00,50.98900,3.2675
8.00,39.00,53.43900,3.2673513
8.00,39.00,55.87200,3.2672274
8.00,39.00,58.30200,3.2671272
8.00,40.00,0.73300,3.2670346
8.00,40.00,3.17200,3.2669538
8.00,40.00,5.61100,3.2668827
8.00,40.00,8.05300,3.2668288
8.00,40.00,10.48200,3.2667771
8.00,40.00,12.92600,3.2667351
8.00,40.00,15.35600,3.2666855
8.00,40.00,17.78600,3.2666607
8.00,40.00,20.22500,3.2666252
8.00,40.00,22.66300,3.2666015
8.00,40.00,25.10200,3.2665756
8.00,40.00,27.54200,3.2665487
8.00,40.00,29.97900,3.2665239
8.00,40.00,32.41700,3.2665035
8.00,40.00,34.85100,3.266483
8.00,40.00,37.29200,3.2664701
8.00,40.00,39.73800,3.2664571
8.00,40.00,42.20100,3.2664421
8.00,40.00,44.63400,3.2664237
8.00,40.00,47.07500,3.2664087
8.00,40.00,49.50500,3.2663936
8.00,40.00,51.95200,3.2663806
8.00,40.00,54.38600,3.2663699
8.00,40.00,56.82500,3.266358
8.00,40.00,59.27100,3.2663462
8.00,41.00,1.71700,3.2663354
8.00,41.00,4.15700,3.2663225
8.00,41.00,6.59100,3.2663074
8.00,41.00,9.04300,3.2662912
8.00,41.00,11.47900,3.2662912
8.00,41.00,13.92700,3.2662772
8.00,41.00,16.36600,3.2662643
8.00,41.00,18.80500,3.2662589
8.00,41.00,21.24400,3.2662438
8.00,41.00,23.68400,3.2662352
8.00,41.00,26.11800,3.2662223
8.00,41.00,28.54700,3.2662169
8.00,41.00,30.98400,3.2662094
8.00,41.00,33.42400,3.2661986
8.00,41.00,35.86000,3.2661835
8.00,41.00,38.29800,3.2661738
8.00,41.00,40.72900,3.2661673
8.00,41.00,43.16500,3.2661598
8.00,41.00,45.61400,3.2661512
8.00,41.00,48.06600,3.2661372
8.00,41.00,50.50900,3.2661264
8.00,41.00,52.94900,3.2661275
8.00,41.00,55.38300,3.2661092
8.00,41.00,57.82500,3.2661049
8.00,42.00,0.27000,3.2660919
8.00,42.00,2.70600,3.2660812
8.00,42.00,5.13600,3.2660704
8.00,42.00,7.58400,3.2660618
8.00,42.00,10.01300,3.2660628
8.00,42.00,12.45600,3.2660488
8.00,42.00,14.88800,3.266037
8.00,42.00,17.32700,3.2660273
8.00,42.00,19.76600,3.2660176
8.00,42.00,22.20500,3.2660068
8.00,42.00,24.63500,3.2660036
8.00,42.00,27.06700,3.2659928
8.00,42.00,29.50800,3.2659874
8.00,42.00,31.94700,3.2659734
8.00,42.00,34.39400,3.265968
8.00,42.00,36.82600,3.2659519
8.00,42.00,39.28000,3.2659487
8.00,42.00,41.72100,3.2659357
8.00,42.00,44.14600,3.2659314
8.00,42.00,46.59700,3.2659206
8.00,42.00,49.04100,3.2659088
8.00,42.00,51.48200,3.2659023
8.00,42.00,53.91200,3.2658937
8.00,42.00,56.35100,3.2658872
8.00,42.00,58.78600,3.2658765
8.00,43.00,1.21600,3.2658689
8.00,43.00,3.66000,3.2658571
8.00,43.00,6.10000,3.2658506
8.00,43.00,8.54700,3.2658409
8.00,43.00,10.97600,3.2658366
8.00,43.00,13.41600,3.2658237
8.00,43.00,15.86500,3.2658194
8.00,43.00,18.30400,3.2658065
8.00,43.00,20.72800,3.2657924
8.00,43.00,23.16500,3.2657935
8.00,43.00,25.60600,3.2657784
8.00,43.00,28.03700,3.2657806
8.00,43.00,30.47300,3.2657677
8.00,43.00,32.92000,3.2657623
8.00,43.00,35.35900,3.2657504
8.00,43.00,37.79900,3.2657321
8.00,43.00,40.23900,3.2657289
8.00,43.00,42.67600,3.2657278
8.00,43.00,45.11000,3.2657138
8.00,43.00,47.55500,3.2657149
8.00,43.00,49.99300,3.2656933
8.00,43.00,52.42500,3.2656858
8.00,43.00,54.86400,3.2656783
8.00,43.00,57.29600,3.2656675
8.00,43.00,59.74300,3.2656621
8.00,44.00,2.17700,3.2656556
8.00,44.00,4.61700,3.2656459
8.00,44.00,7.05400,3.2656405
8.00,44.00,9.49700,3.2656298
8.00,44.00,11.93900,3.2656212
8.00,44.00,14.38000,3.2656125
8.00,44.00,16.83000,3.2656072
8.00,44.00,19.26300,3.2656028
8.00,44.00,21.70200,3.2655921
8.00,44.00,24.13600,3.2655878
8.00,44.00,26.56700,3.2655781
8.00,44.00,28.99900,3.2655738
8.00,44.00,31.43200,3.2655641
8.00,44.00,33.88100,3.2655619
8.00,44.00,36.32000,3.2655501
8.00,44.00,38.75500,3.2655468
8.00,44.00,41.19900,3.2655382
8.00,44.00,43.63500,3.2655274
8.00,44.00,46.06300,3.265522
8.00,44.00,48.50300,3.2655188
8.00,44.00,50.94500,3.2655091
8.00,44.00,53.38500,3.265507
8.00,44.00,55.82500,3.2654886
8.00,44.00,58.26200,3.2654919
8.00,45.00,0.69900,3.2654811
8.00,45.00,3.13600,3.2654736
8.00,45.00,5.56500,3.2654693
8.00,45.00,8.00800,3.265466
8.00,45.00,10.44200,3.2654509
8.00,45.00,12.88700,3.2654445
8.00,45.00,15.32600,3.2654348
8.00,45.00,17.78000,3.2654262
8.00,45.00,20.21000,3.2654283
8.00,45.00,22.64000,3.2654175
8.00,45.00,25.07900,3.2654122
8.00,45.00,27.51800,3.2654089
8.00,45.00,29.94800,3.2653982
8.00,45.00,32.38800,3.2653938
8.00,45.00,34.82700,3.2653788
8.00,45.00,37.26700,3.2653755
8.00,45.00,39.69600,3.2653723
8.00,45.00,42.12800,3.2653669
8.00,45.00,44.56700,3.265354
8.00,45.00,47.00100,3.2653551
8.00,45.00,49.43000,3.2653497
8.00,45.00,51.87900,3.2653475
8.00,45.00,54.31100,3.2653314
8.00,45.00,56.75300,3.2653249
8.00,45.00,59.19400,3.2653206
8.00,46.00,1.63300,3.265313
8.00,46.00,4.07100,3.2653066
8.00,46.00,6.50400,3.2653034
8.00,46.00,8.94100,3.2652969
8.00,46.00,11.37400,3.265285
8.00,46.00,13.81600,3.2652753
8.00,46.00,16.25400,3.2652678
8.00,46.00,18.69300,3.2652581
8.00,46.00,21.13100,3.2652592
8.00,46.00,23.58000,3.2652516
8.00,46.00,26.01400,3.2652473
8.00,46.00,28.45500,3.2652333
8.00,46.00,30.89600,3.2652236
8.00,46.00,33.33800,3.2652236
8.00,46.00,35.77500,3.2652107
8.00,46.00,38.21400,3.2652118
8.00,46.00,40.65200,3.2652086
8.00,46.00,43.09200,3.2651967
8.00,46.00,45.53000,3.2651816
8.00,46.00,47.97200,3.2651849
8.00,46.00,50.40700,3.2651741
8.00,46.00,52.84200,3.2651698
8.00,46.00,55.28400,3.2651719
8.00,46.00,57.72600,3.2651547
8.00,47.00,0.16500,3.2651493
8.00,47.00,2.60400,3.2651482
8.00,47.00,5.04300,3.2651331
8.00,47.00,7.48600,3.2651331
8.00,47.00,9.91900,3.2651202
8.00,47.00,12.35800,3.2651202
8.00,47.00,14.79700,3.2651159
8.00,47.00,17.23800,3.2651084
8.00,47.00,19.68800,3.2650976
8.00,47.00,22.12600,3.2650911
8.00,47.00,24.56300,3.2650868
8.00,47.00,27.00000,3.2650804
8.00,47.00,29.43100,3.2650674
8.00,47.00,31.86500,3.2650653
8.00,47.00,34.29800,3.2650513
8.00,47.00,36.73700,3.2650545
8.00,47.00,39.17500,3.2650513
8.00,47.00,41.61200,3.2650383
8.00,47.00,44.05300,3.265034
8.00,47.00,46.49200,3.2650254
8.00,47.00,48.92800,3.2650179
8.00,47.00,51.35400,3.2650093
8.00,47.00,53.79500,3.2650017
8.00,47.00,56.23100,3.2649942
8.00,47.00,58.67400,3.2649888
8.00,48.00,1.11900,3.2649877
8.00,48.00,3.55900,3.2649769
8.00,48.00,6.00000,3.2649715
8.00,48.00,8.44100,3.2649662
8.00,48.00,10.87000,3.2649554
8.00,48.00,13.31400,3.2649489
8.00,48.00,15.75200,3.2649403
8.00,48.00,18.19500,3.2649349
8.00,48.00,20.64600,3.2649285
8.00,48.00,23.08600,3.2649295
8.00,48.00,25.53400,3.2649155
8.00,48.00,27.97300,3.2649123
8.00,48.00,30.42100,3.2648983
8.00,48.00,32.85500,3.2648961
8.00,48.00,35.29300,3.2648875
8.00,48.00,37.73200,3.2648821
8.00,48.00,40.17700,3.2648724
8.00,48.00,42.61000,3.2648692
8.00,48.00,45.04100,3.2648617
8.00,48.00,47.46400,3.2648617
8.00,48.00,49.90500,3.264853
8.00,48.00,52.33900,3.2648444
8.00,48.00,54.77800,3.2648401
8.00,48.00,57.21600,3.2648347
8.00,48.00,59.65600,3.264825
8.00,49.00,2.08600,3.2648186
8.00,49.00,4.52700,3.264811
8.00,49.00,6.96600,3.2648046
8.00,49.00,9.40500,3.2648024
8.00,49.00,11.84800,3.2647863
8.00,49.00,14.28700,3.2647766
8.00,49.00,16.72300,3.2647722
8.00,49.00,19.16900,3.2647658
8.00,49.00,21.60800,3.2647572
8.00,49.00,24.04700,3.2647485
8.00,49.00,26.49100,3.2647464
8.00,49.00,28.92200,3.2647324
8.00,49.00,31.35600,3.2647302
8.00,49.00,33.79900,3.2647216
8.00,49.00,36.23100,3.2647098
8.00,49.00,38.66500,3.2647065
8.00,49.00,41.09700,3.2646936
8.00,49.00,43.54300,3.2646882
8.00,49.00,45.99300,3.2646785
8.00,49.00,48.42400,3.2646764
8.00,49.00,50.86300,3.2646699
8.00,49.00,53.30000,3.2646624
8.00,49.00,55.73400,3.2646505
8.00,49.00,58.17000,3.2646494
8.00,50.00,0.60400,3.2646387
8.00,50.00,3.04400,3.2646268
8.00,50.00,5.49400,3.2646214
8.00,50.00,7.92900,3.2646139
8.00,50.00,10.35900,3.2646042
8.00,50.00,12.79000,3.2645977
8.00,50.00,15.23400,3.264587
8.00,50.00,17.66700,3.2645783
8.00,50.00,20.10700,3.2645719
8.00,50.00,22.54400,3.2645697
8.00,50.00,24.97900,3.2645557
8.00,50.00,27.41800,3.2645514
8.00,50.00,29.85900,3.2645299
8.00,50.00,32.29800,3.2645352
8.00,50.00,34.72900,3.2645212
8.00,50.00,37.18800,3.2645126
8.00,50.00,39.62300,3.2645018
8.00,50.00,42.07100,3.2644986
8.00,50.00,44.51100,3.2644889
8.00,50.00,46.94700,3.2644857
8.00,50.00,49.38500,3.2644781
8.00,50.00,51.82500,3.2644641
8.00,50.00,54.26700,3.2644577
8.00,50.00,56.70000,3.2644566
8.00,50.00,59.13700,3.2644501
8.00,51.00,1.56800,3.2644318
8.00,51.00,4.01700,3.2644286
8.00,51.00,6.46000,3.2644178
8.00,51.00,8.89700,3.2644103
8.00,51.00,11.35000,3.2644006
8.00,51.00,13.79100,3.264393
8.00,51.00,16.23300,3.2643801
8.00,51.00,18.67200,3.2643747
8.00,51.00,21.11200,3.264365
8.00,51.00,23.55100,3.2643607
8.00,51.00,25.99000,3.2643543
8.00,51.00,28.43000,3.2643435
8.00,51.00,30.87400,3.2643349
8.00,51.00,33.31700,3.2643273
8.00,51.00,35.74900,3.264309
8.00,51.00,38.18100,3.2643058
8.00,51.00,40.62100,3.2642982
8.00,51.00,43.05900,3.2642918
8.00,51.00,45.49700,3.2642756
8.00,51.00,47.92800,3.2642659
8.00,51.00,50.37600,3.2642573
8.00,51.00,52.81100,3.2642476
8.00,51.00,55.26700,3.2642379
8.00,51.00,57.71200,3.264225
8.00,52.00,0.14600,3.2642164
8.00,52.00,2.59300,3.2642077
8.00,52.00,5.03300,3.2642024
8.00,52.00,7.47200,3.2641959
8.00,52.00,9.90300,3.2641862
8.00,52.00,12.34300,3.2641808
8.00,52.00,14.78800,3.2641647
8.00,52.00,17.22100,3.2641528
8.00,52.00,19.66000,3.264141
8.00,52.00,22.10800,3.2641399
8.00,52.00,24.54500,3.2641313
8.00,52.00,26.97700,3.2641205
8.00,52.00,29.41600,3.2641108
8.00,52.00,31.85600,3.2641032
8.00,52.00,34.29400,3.2640892
8.00,52.00,36.72500,3.2640871
8.00,52.00,39.16900,3.2640752
8.00,52.00,41.61300,3.2640688
8.00,52.00,44.06300,3.264058
8.00,52.00,46.50300,3.2640526
8.00,52.00,48.94000,3.2640365
8.00,52.00,51.38900,3.2640289
8.00,52.00,53.82200,3.2640171
8.00,52.00,56.26300,3.2640084
8.00,52.00,58.70200,3.2639977
8.00,53.00,1.13400,3.2639891
8.00,53.00,3.58400,3.2639826
8.00,53.00,6.01500,3.263961
8.00,53.00,8.46100,3.2639589
8.00,53.00,10.89300,3.263947
8.00,53.00,13.33100,3.2639341
8.00,53.00,15.77200,3.263932
8.00,53.00,18.21200,3.2639255
8.00,53.00,20.65400,3.2639018
8.00,53.00,23.09400,3.2638943
8.00,53.00,25.53100,3.2638867
8.00,53.00,27.96500,3.263877
8.00,53.00,30.40500,3.2638781
8.00,53.00,32.84000,3.2638565
8.00,53.00,35.27800,3.2638479
8.00,53.00,37.72100,3.2638361
8.00,53.00,40.16200,3.2638221
8.00,53.00,42.60000,3.2638145
8.00,53.00,45.04100,3.2638027
8.00,53.00,47.48100,3.2637941
8.00,53.00,49.91900,3.2637876
8.00,53.00,52.35300,3.263779
8.00,53.00,54.78600,3.2637639
8.00,53.00,57.22800,3.2637553
8.00,53.00,59.67600,3.2637445
8.00,54.00,2.10500,3.2637391
8.00,54.00,4.54500,3.2637197
8.00,54.00,6.97700,3.2637025
8.00,54.00,9.41100,3.2636917
8.00,54.00,11.84600,3.2636885
8.00,54.00,14.28500,3.2636702
8.00,54.00,16.72700,3.2636637
8.00,54.00,19.16600,3.2636519
8.00,54.00,21.60300,3.2636411
8.00,54.00,24.05000,3.2636325
8.00,54.00,26.48200,3.2636206
8.00,54.00,28.93800,3.2636023
8.00,54.00,31.38800,3.2635948
8.00,54.00,33.82900,3.2635905
8.00,54.00,36.26700,3.2635754
8.00,54.00,38.70700,3.2635614
8.00,54.00,41.14100,3.263556
8.00,54.00,43.57400,3.2635387
8.00,54.00,46.01400,3.2635301
8.00,54.00,48.45800,3.2635183
8.00,54.00,50.89800,3.2635064
8.00,54.00,53.34100,3.263501
8.00,54.00,55.77700,3.263487
8.00,54.00,58.21200,3.2634741
8.00,55.00,0.66000,3.2634644
8.00,55.00,3.09100,3.2634558
8.00,55.00,5.52900,3.2634396
8.00,55.00,7.97800,3.2634289
8.00,55.00,10.43700,3.2634149
8.00,55.00,12.87600,3.2634052
8.00,55.00,15.31500,3.2633933
8.00,55.00,17.75200,3.263389
8.00,55.00,20.19300,3.2633728
8.00,55.00,22.63200,3.2633642
8.00,55.00,25.07200,3.2633513
8.00,55.00,27.51600,3.2633351
8.00,55.00,29.95600,3.2633244
8.00,55.00,32.39900,3.2633028
8.00,55.00,34.83700,3.2633017
8.00,55.00,37.27900,3.2632867
8.00,55.00,39.72900,3.263277
8.00,55.00,42.16500,3.2632705
8.00,55.00,44.60700,3.2632543
8.00,55.00,47.04100,3.2632349
8.00,55.00,49.49000,3.2632188
8.00,55.00,51.93000,3.2632091
8.00,55.00,54.36800,3.2631962
8.00,55.00,56.81200,3.2631919
8.00,55.00,59.25400,3.2631714
8.00,56.00,1.69600,3.2631649
8.00,56.00,4.14700,3.2631466
8.00,56.00,6.60000,3.2631358
8.00,56.00,9.03900,3.263124
8.00,56.00,11.47000,3.2631111
8.00,56.00,13.90800,3.2631024
8.00,56.00,16.34800,3.2630906
8.00,56.00,18.78800,3.2630777
8.00,56.00,21.23800,3.2630637
8.00,56.00,23.67200,3.2630486
8.00,56.00,26.11400,3.2630367
8.00,56.00,28.54800,3.2630238
8.00,56.00,30.99000,3.2630109
8.00,56.00,33.42300,3.2630001
8.00,56.00,35.86100,3.2629872
8.00,56.00,38.30300,3.2629807
8.00,56.00,40.73600,3.262957
8.00,56.00,43.17400,3.2629419
8.00,56.00,45.61100,3.2629301
8.00,56.00,48.05600,3.2629096
8.00,56.00,50.48900,3.2629031
8.00,56.00,52.92100,3.2628924
8.00,56.00,55.35800,3.2628794
8.00,56.00,57.79500,3.2628633
8.00,57.00,0.23600,3.2628536
8.00,57.00,2.66900,3.2628331
8.00,57.00,5.10900,3.262818
8.00,57.00,7.54700,3.2628126
8.00,57.00,9.99400,3.2627943
8.00,57.00,12.43300,3.2627857
8.00,57.00,14.88100,3.2627588
8.00,57.00,17.32100,3.2627448
8.00,57.00,19.76600,3.262734
8.00,57.00,22.21600,3.2627243
8.00,57.00,24.66000,3.2627092
8.00,57.00,27.10300,3.2626952
8.00,57.00,29.54300,3.2626769
8.00,57.00,31.98900,3.2626629
8.00,57.00,34.42900,3.2626457
8.00,57.00,36.86100,3.2626349
8.00,57.00,39.30500,3.2626177
8.00,57.00,41.75600,3.2626026
8.00,57.00,44.21400,3.2625886
8.00,57.00,46.65700,3.26258
8.00,57.00,49.09100,3.2625606
8.00,57.00,51.53000,3.2625466
8.00,57.00,53.97300,3.2625293
8.00,57.00,56.41100,3.2625164
8.00,57.00,58.84400,3.2625024
8.00,58.00,1.29300,3.2624862
8.00,58.00,3.73400,3.2624701
8.00,58.00,6.17200,3.2624561
8.00,58.00,8.61000,3.2624474
8.00,58.00,11.03800,3.2624259
8.00,58.00,13.48700,3.2624162
8.00,58.00,15.92500,3.2623979
8.00,58.00,18.37500,3.262385
8.00,58.00,20.80500,3.2623688
8.00,58.00,23.23700,3.2623505
8.00,58.00,25.66800,3.2623333
8.00,58.00,28.10800,3.2623214
8.00,58.00,30.55600,3.2623052
8.00,58.00,32.99400,3.2622902
8.00,58.00,35.43400,3.2622686
8.00,58.00,37.86600,3.26226
8.00,58.00,40.30500,3.2622428
8.00,58.00,42.73800,3.2622255
8.00,58.00,45.17200,3.2622104
8.00,58.00,47.61300,3.2621986
8.00,58.00,50.04500,3.2621835
8.00,58.00,52.47500,3.2621598
8.00,58.00,54.90300,3.2621469
8.00,58.00,57.34700,3.2621296
8.00,58.00,59.78500,3.2621156
8.00,59.00,2.22200,3.2620952
8.00,59.00,4.66400,3.2620822
8.00,59.00,7.11000,3.2620661
8.00,59.00,9.54800,3.2620553
8.00,59.00,11.98100,3.2620327
8.00,59.00,14.42100,3.2620122
8.00,59.00,16.85300,3.261995
8.00,59.00,19.28400,3.2619831
8.00,59.00,21.72100,3.2619637
8.00,59.00,24.15600,3.2619422
8.00,59.00,26.59400,3.2619271
8.00,59.00,29.03000,3.2619056
8.00,59.00,31.46900,3.2618926
8.00,59.00,33.90800,3.2618786
8.00,59.00,36.35800,3.261856
8.00,59.00,38.78600,3.2618452
8.00,59.00,41.22500,3.2618334
8.00,59.00,43.66700,3.2618086
8.00,59.00,46.10100,3.2618
8.00,59.00,48.53300,3.2617784
8.00,59.00,50.96800,3.2617612
8.00,59.00,53.41000,3.2617354
8.00,59.00,55.84900,3.2617181
8.00,59.00,58.28900,3.261703
9.00,0.00,0.72500,3.2616836
9.00,0.00,3.15700,3.2616696
9.00,0.00,5.59600,3.2616492
9.00,0.00,8.03300,3.2616319
9.00,0.00,10.46200,3.2616147
9.00,0.00,12.90500,3.2615996
9.00,0.00,15.35500,3.2615845
9.00,0.00,17.79500,3.2615662
9.00,0.00,20.23400,3.2615511
9.00,0.00,22.66600,3.2615264
9.00,0.00,25.09400,3.261507
9.00,0.00,27.53500,3.2614887
9.00,0.00,29.96800,3.261466
9.00,0.00,32.40600,3.2614542
9.00,0.00,34.83300,3.2614337
9.00,0.00,37.26700,3.2614165
9.00,0.00,39.69700,3.2614025
9.00,0.00,42.14600,3.2613852
9.00,0.00,44.58300,3.2613658
9.00,0.00,47.02100,3.2613486
9.00,0.00,49.45700,3.2613238
9.00,0.00,51.89700,3.2613087
9.00,0.00,54.34000,3.2612883
9.00,0.00,56.77100,3.2612635
9.00,0.00,59.21800,3.2612506
9.00,1.00,1.65700,3.2612333
9.00,1.00,4.09700,3.2612086
9.00,1.00,6.52100,3.2611967
9.00,1.00,8.94900,3.2611762
9.00,1.00,11.38400,3.2611482
9.00,1.00,13.82200,3.2611353
9.00,1.00,16.26200,3.2611105
9.00,1.00,18.70200,3.2610933
9.00,1.00,21.13900,3.2610728
9.00,1.00,23.57200,3.261062
9.00,1.00,26.02000,3.261034
9.00,1.00,28.46100,3.2610136
9.00,1.00,30.89800,3.2609909
9.00,1.00,33.32800,3.2609791
9.00,1.00,35.77000,3.2609532
9.00,1.00,38.20600,3.2609382
9.00,1.00,40.64500,3.2609112
9.00,1.00,43.07500,3.260894
9.00,1.00,45.51400,3.2608746
9.00,1.00,47.94700,3.2608563
9.00,1.00,50.38800,3.2608347
9.00,1.00,52.83500,3.2608089
9.00,1.00,55.26600,3.2607938
9.00,1.00,57.70100,3.2607744
9.00,2.00,0.14100,3.2607496
9.00,2.00,2.57800,3.2607292
9.00,2.00,5.01100,3.2607076
9.00,2.00,7.45000,3.2606893
9.00,2.00,9.89400,3.2606688
9.00,2.00,12.32800,3.2606451
9.00,2.00,14.75300,3.2606204
9.00,2.00,17.18300,3.2605945
9.00,2.00,19.63000,3.260574
9.00,2.00,22.06900,3.26056
9.00,2.00,24.50700,3.2605299
9.00,2.00,26.93100,3.2605191
9.00,2.00,29.37100,3.2604943
9.00,2.00,31.82000,3.2604695
9.00,2.00,34.25900,3.260448
9.00,2.00,36.70300,3.260434
9.00,2.00,39.14000,3.2604038
9.00,2.00,41.57800,3.2603866
9.00,2.00,44.02000,3.2603607
9.00,2.00,46.45600,3.2603381
9.00,2.00,48.89100,3.2603209
9.00,2.00,51.33100,3.2602929
9.00,2.00,53.77100,3.2602681
9.00,2.00,56.20200,3.2602444
9.00,2.00,58.63800,3.2602261
9.00,3.00,1.07600,3.2602024
9.00,3.00,3.51600,3.2601862
9.00,3.00,5.95000,3.2601614
9.00,3.00,8.39200,3.2601323
9.00,3.00,10.83100,3.2601108
9.00,3.00,13.27100,3.260086
9.00,3.00,15.70900,3.2600612
9.00,3.00,18.14000,3.2600462
9.00,3.00,20.57500,3.2600235
9.00,3.00,23.02000,3.2599977
9.00,3.00,25.45900,3.2599729
9.00,3.00,27.90800,3.2599503
9.00,3.00,30.34800,3.2599277
9.00,3.00,32.78700,3.2599018
9.00,3.00,35.22100,3.2598792
9.00,3.00,37.67800,3.2598587
9.00,3.00,40.11600,3.2598339
9.00,3.00,42.55400,3.2598113
9.00,3.00,44.99400,3.2597779
9.00,3.00,47.43500,3.2597607
9.00,3.00,49.87200,3.2597348
9.00,3.00,52.30200,3.259709
9.00,3.00,54.74600,3.2596799
9.00,3.00,57.18300,3.2596573
9.00,3.00,59.63300,3.2596325
9.00,4.00,2.07300,3.2596131
9.00,4.00,4.50700,3.2595905
9.00,4.00,6.94500,3.25957
9.00,4.00,9.37100,3.2595398
9.00,4.00,11.80500,3.2595204
9.00,4.00,14.24400,3.2594892
9.00,4.00,16.69200,3.2594687
9.00,4.00,19.14200,3.2594418
9.00,4.00,21.58300,3.259417
9.00,4.00,24.01900,3.259389
9.00,4.00,26.45900,3.2593664
9.00,4.00,28.89500,3.2593351
9.00,4.00,31.33700,3.2593082
9.00,4.00,33.77500,3.2592888
9.00,4.00,36.22500,3.259263
9.00,4.00,38.67000,3.2592393
9.00,4.00,41.10800,3.2592048
9.00,4.00,43.54900,3.2591811
9.00,4.00,45.98700,3.2591606
9.00,4.00,48.42700,3.2591337
9.00,4.00,50.86400,3.2591046
9.00,4.00,53.29000,3.2590766
9.00,4.00,55.73200,3.2590518
9.00,4.00,58.17200,3.259026
9.00,5.00,0.60400,3.258999
9.00,5.00,3.03800,3.2589732
9.00,5.00,5.49000,3.2589452
9.00,5.00,7.94000,3.2589193
9.00,5.00,10.38700,3.2588924
9.00,5.00,12.82100,3.2588644
9.00,5.00,15.27200,3.2588374
9.00,5.00,17.71300,3.2588083
9.00,5.00,20.17200,3.2587814
9.00,5.00,22.60600,3.2587609
9.00,5.00,25.04500,3.2587275
9.00,5.00,27.48400,3.2587071
9.00,5.00,29.93400,3.2586683
9.00,5.00,32.38700,3.2586317
9.00,5.00,34.82000,3.2586101
9.00,5.00,37.25600,3.2585897
9.00,5.00,39.69300,3.2585573
9.00,5.00,42.14100,3.2585293
9.00,5.00,44.57900,3.2584948
9.00,5.00,47.01900,3.2584787
9.00,5.00,49.46700,3.2584453
9.00,5.00,51.90600,3.2584173
9.00,5.00,54.35400,3.2583871
9.00,5.00,56.78800,3.2583559
9.00,5.00,59.22300,3.2583214
9.00,6.00,1.66400,3.2582912
9.00,6.00,4.11200,3.2582611
9.00,6.00,6.54600,3.2582341
9.00,6.00,8.97700,3.2582029
9.00,6.00,11.42600,3.2581749
9.00,6.00,13.86800,3.2581437
9.00,6.00,16.30900,3.2581124
9.00,6.00,18.74200,3.2580801
9.00,6.00,21.17400,3.2580499
9.00,6.00,23.61000,3.2580176
9.00,6.00,26.04800,3.2579885
9.00,6.00,28.48800,3.2579584
9.00,6.00,30.94200,3.2579271
9.00,6.00,33.38200,3.2578948
9.00,6.00,35.82300,3.2578689
9.00,6.00,38.25400,3.2578345
9.00,6.00,40.69800,3.2578021
9.00,6.00,43.14000,3.257772
9.00,6.00,45.58300,3.2577407
9.00,6.00,48.02400,3.2577127
9.00,6.00,50.46100,3.2576739
9.00,6.00,52.90100,3.2576416
9.00,6.00,55.34000,3.2576061
9.00,6.00,57.78300,3.2575824
9.00,7.00,0.22200,3.2575511
9.00,7.00,2.65600,3.257521
9.00,7.00,5.08800,3.2574822
9.00,7.00,7.53500,3.2574585
9.00,7.00,9.96600,3.2574176
9.00,7.00,12.41300,3.2573895
9.00,7.00,14.84400,3.2573572
9.00,7.00,17.29200,3.2573184
9.00,7.00,19.72800,3.2572883
9.00,7.00,22.16800,3.2572538
9.00,7.00,24.60700,3.2572247
9.00,7.00,27.03800,3.2571892
9.00,7.00,29.48000,3.2571525
9.00,7.00,31.91900,3.2571224
9.00,7.00,34.36000,3.2570857
9.00,7.00,36.79100,3.2570545
9.00,7.00,39.23500,3.25702
9.00,7.00,41.67600,3.2569834
9.00,7.00,44.11400,3.25695
9.00,7.00,46.55200,3.2569166
9.00,7.00,48.98400,3.2568778
9.00,7.00,51.41900,3.2568487
9.00,7.00,53.84800,3.2568175
9.00,7.00,56.28500,3.2567798
9.00,7.00,58.72000,3.2567421
9.00,8.00,1.15300,3.256713
9.00,8.00,3.59100,3.2566742
9.00,8.00,6.03000,3.2566354
9.00,8.00,8.45800,3.2566064
9.00,8.00,10.90200,3.2565708
9.00,8.00,13.33400,3.2565428
9.00,8.00,15.76300,3.2565019
9.00,8.00,18.20100,3.2564663
9.00,8.00,20.64200,3.2564318
9.00,8.00,23.08400,3.2563984
9.00,8.00,25.51900,3.2563521
9.00,8.00,27.96200,3.2563155
9.00,8.00,30.39200,3.2562842
9.00,8.00,32.83300,3.2562508
9.00,8.00,35.27700,3.2562131
9.00,8.00,37.71900,3.2561722
9.00,8.00,40.15600,3.2561399
9.00,8.00,42.58600,3.2561043
9.00,8.00,45.03500,3.2560677
9.00,8.00,47.47200,3.2560246
9.00,8.00,49.90400,3.2559923
9.00,8.00,52.34000,3.25596
9.00,8.00,54.77100,3.2559158
9.00,8.00,57.20200,3.255877
9.00,8.00,59.64000,3.2558318
9.00,9.00,2.07300,3.2558016
9.00,9.00,4.51200,3.2557618
9.00,9.00,6.94700,3.255724
9.00,9.00,9.39800,3.2556853
9.00,9.00,11.84700,3.2556422
9.00,9.00,14.28900,3.2556034
9.00,9.00,16.73100,3.2555678
9.00,9.00,19.17000,3.2555247
9.00,9.00,21.60800,3.2554881
9.00,9.00,24.03700,3.2554461
9.00,9.00,26.48400,3.2554062
9.00,9.00,28.91900,3.2553642
9.00,9.00,31.36300,3.2553298
9.00,9.00,33.80200,3.2552888
9.00,9.00,36.24400,3.2552425
9.00,9.00,38.67400,3.2552113
9.00,9.00,41.12100,3.2551595
9.00,9.00,43.56100,3.2551261
9.00,9.00,46.00000,3.2550895
9.00,9.00,48.43300,3.2550389
9.00,9.00,50.87500,3.2550001
9.00,9.00,53.31400,3.2549581
9.00,9.00,55.74700,3.2549215
9.00,9.00,58.19400,3.2548751
9.00,10.00,0.63800,3.2548364
9.00,10.00,3.07600,3.2547933
9.00,10.00,5.51600,3.2547491
9.00,10.00,7.94800,3.2547028
9.00,10.00,10.39800,3.2546651
9.00,10.00,12.85000,3.2546274
9.00,10.00,15.29000,3.2545853
9.00,10.00,17.72900,3.2545379
9.00,10.00,20.16100,3.2544895
9.00,10.00,22.59900,3.2544507
9.00,10.00,25.03900,3.2544065
9.00,10.00,27.47800,3.254358
9.00,10.00,29.92100,3.2543225
9.00,10.00,32.36200,3.2542719
9.00,10.00,34.80100,3.2542298
9.00,10.00,37.24000,3.2541954
9.00,10.00,39.67900,3.2541501
9.00,10.00,42.11800,3.2540963
9.00,10.00,44.57800,3.2540532
9.00,10.00,47.01800,3.2540155
9.00,10.00,49.45700,3.2539702
9.00,10.00,51.88600,3.2539174
9.00,10.00,54.33300,3.2538733
9.00,10.00,56.76400,3.2538302
9.00,10.00,59.21900,3.2537881
9.00,11.00,1.64600,3.2537418
9.00,11.00,4.08400,3.2536944
9.00,11.00,6.52400,3.2536492
9.00,11.00,8.96000,3.2536018
9.00,11.00,11.39100,3.2535587
9.00,11.00,13.83000,3.2535037
9.00,11.00,16.26800,3.2534628
9.00,11.00,18.70700,3.2534143
9.00,11.00,21.14600,3.253368
9.00,11.00,23.59900,3.2533238
9.00,11.00,26.04800,3.25327
9.00,11.00,28.48000,3.2532312
9.00,11.00,30.91900,3.2531816
9.00,11.00,33.35700,3.2531364
9.00,11.00,35.79800,3.2530847
9.00,11.00,38.23900,3.2530362
9.00,11.00,40.67700,3.2529942
9.00,11.00,43.12600,3.2529403
9.00,11.00,45.56500,3.2528908
9.00,11.00,47.99800,3.2528455
9.00,11.00,50.43600,3.2527895
9.00,11.00,52.87200,3.2527399
9.00,11.00,55.31100,3.2526968
9.00,11.00,57.74600,3.2526451
9.00,12.00,0.17700,3.2525891
9.00,12.00,2.62500,3.2525417
9.00,12.00,5.06400,3.2524997
9.00,12.00,7.49700,3.2524491
9.00,12.00,9.93900,3.252393
9.00,12.00,12.37000,3.25235
9.00,12.00,14.80600,3.252295
9.00,12.00,17.24200,3.2522422
9.00,12.00,19.69200,3.252197
9.00,12.00,22.13100,3.2521463
9.00,12.00,24.56400,3.2520936
9.00,12.00,27.00300,3.252044
9.00,12.00,29.44200,3.2519848
9.00,12.00,31.88900,3.2519363
9.00,12.00,34.33000,3.2518813
9.00,12.00,36.76500,3.2518296
9.00,12.00,39.19800,3.2517865
9.00,12.00,41.63700,3.2517327
9.00,12.00,44.08600,3.2516788
9.00,12.00,46.54600,3.2516239
9.00,12.00,48.98400,3.25157
9.00,12.00,51.42300,3.2515161
9.00,12.00,53.85600,3.251459
9.00,12.00,56.29700,3.2514084
9.00,12.00,58.72700,3.2513567
9.00,13.00,1.15900,3.2513071
9.00,13.00,3.59900,3.2512436
9.00,13.00,6.03700,3.2511929
9.00,13.00,8.46900,3.2511455
9.00,13.00,10.91200,3.2510852
9.00,13.00,13.35200,3.2510335
9.00,13.00,15.79600,3.2509807
9.00,13.00,18.23900,3.2509236
9.00,13.00,20.67000,3.2508665
9.00,13.00,23.10500,3.2508116
9.00,13.00,25.54400,3.2507534
9.00,13.00,27.99600,3.2506985
9.00,13.00,30.43400,3.2506457
9.00,13.00,32.87700,3.2505916
9.00,13.00,35.31800,3.2505332
9.00,13.00,37.74700,3.2504697
9.00,13.00,40.18200,3.2504169
9.00,13.00,42.61700,3.2503587
9.00,13.00,45.06000,3.2502995
9.00,13.00,47.51400,3.2502478
9.00,13.00,49.95200,3.2501917
9.00,13.00,52.39200,3.2501422
9.00,13.00,54.83400,3.2500775
9.00,13.00,57.27600,3.2500172
9.00,13.00,59.71900,3.2499655
9.00,14.00,2.15300,3.2499073
9.00,14.00,4.59400,3.2498405
9.00,14.00,7.03400,3.2497888
9.00,14.00,9.47500,3.2497307
9.00,14.00,11.91800,3.2496703
9.00,14.00,14.35200,3.2496046
9.00,14.00,16.80100,3.2495475
9.00,14.00,19.24600,3.2494893
9.00,14.00,21.68700,3.2494355
9.00,14.00,24.13100,3.2493719
9.00,14.00,26.56900,3.2493094
9.00,14.00,29.00800,3.2492523
9.00,14.00,31.45100,3.249192
9.00,14.00,33.89000,3.2491241
9.00,14.00,36.32900,3.2490724
9.00,14.00,38.76100,3.2490153
9.00,14.00,41.20000,3.2489485
9.00,14.00,43.62500,3.2489022
9.00,14.00,46.06400,3.2488268
9.00,14.00,48.50200,3.2487729
9.00,14.00,50.94100,3.2487105
9.00,14.00,53.37900,3.2486458
9.00,14.00,55.81600,3.2485898
9.00,14.00,58.25800,3.2485327
9.00,15.00,0.70200,3.2484638
9.00,15.00,3.13200,3.2484099
9.00,15.00,5.58100,3.2483496
9.00,15.00,8.01500,3.2482838
9.00,15.00,10.45800,3.2482203
9.00,15.00,12.88700,3.24816
9.00,15.00,15.32600,3.2480986
9.00,15.00,17.76900,3.2480339
9.00,15.00,20.20000,3.2479779
9.00,15.00,22.63300,3.2479154
9.00,15.00,25.07600,3.2478508
9.00,15.00,27.50900,3.2477926
9.00,15.00,29.95200,3.2477269
9.00,15.00,32.40500,3.2476612
9.00,15.00,34.85500,3.2476019
9.00,15.00,37.29700,3.2475362
9.00,15.00,39.73700,3.2474705
9.00,15.00,42.17600,3.2474059
9.00,15.00,44.61600,3.2473444
9.00,15.00,47.05500,3.247282
9.00,15.00,49.49500,3.2472173
9.00,15.00,51.93400,3.2471538
9.00,15.00,54.37400,3.2470956
9.00,15.00,56.81300,3.2470331
9.00,15.00,59.26300,3.2469706
9.00,16.00,1.70300,3.2469038
9.00,16.00,4.14400,3.2468392
9.00,16.00,6.58700,3.2467735
9.00,16.00,9.01100,3.2467056
9.00,16.00,11.46800,3.2466431
9.00,16.00,13.90600,3.2465817
9.00,16.00,16.34000,3.246516
9.00,16.00,18.77200,3.2464449
9.00,16.00,21.21900,3.2463835
9.00,16.00,23.65200,3.2463232
9.00,16.00,26.09100,3.2462575
9.00,16.00,28.53100,3.2461896
9.00,16.00,30.97000,3.2461293
9.00,16.00,33.42000,3.2460646
9.00,16.00,35.85800,3.2459914
9.00,16.00,38.30900,3.2459278
9.00,16.00,40.74000,3.2458696
9.00,16.00,43.17200,3.2457996
9.00,16.00,45.61100,3.2457296
9.00,16.00,48.05000,3.2456736
9.00,16.00,50.49900,3.2456035
9.00,16.00,52.93000,3.24554
9.00,16.00,55.37700,3.245471
9.00,16.00,57.81900,3.2454161
9.00,17.00,0.25800,3.2453428
9.00,17.00,2.70900,3.2452771
9.00,17.00,5.14600,3.2452157
9.00,17.00,7.59000,3.24515
9.00,17.00,10.02500,3.2450864
9.00,17.00,12.46300,3.2450218
9.00,17.00,14.90200,3.2449507
9.00,17.00,17.33300,3.2448882
9.00,17.00,19.77500,3.2448171
9.00,17.00,22.21600,3.2447654
9.00,17.00,24.64900,3.2446878
9.00,17.00,27.08800,3.2446404
9.00,17.00,29.53000,3.2445672
9.00,17.00,31.97400,3.2444982
9.00,17.00,34.42800,3.2444325
9.00,17.00,36.87200,3.2443722
9.00,17.00,39.30700,3.2442989
9.00,17.00,41.74700,3.2442354
9.00,17.00,44.18600,3.2441621
9.00,17.00,46.63000,3.2441072
9.00,17.00,49.06600,3.2440415
9.00,17.00,51.50400,3.2439671
9.00,17.00,53.93500,3.2438993
9.00,17.00,56.37200,3.2438443
9.00,17.00,58.82500,3.2437764
9.00,18.00,1.25500,3.2437161
9.00,18.00,3.69300,3.2436547
9.00,18.00,6.13500,3.2435911
9.00,18.00,8.58200,3.2435168
9.00,18.00,11.01500,3.24345
9.00,18.00,13.46700,3.2433854
9.00,18.00,15.90700,3.2433207
9.00,18.00,18.33900,3.2432615
9.00,18.00,20.78300,3.2431969
9.00,18.00,23.22300,3.2431355
9.00,18.00,25.65800,3.2430633
9.00,18.00,28.09900,3.2430029
9.00,18.00,30.53200,3.2429372
9.00,18.00,32.96500,3.2428726
9.00,18.00,35.40200,3.2428112
9.00,18.00,37.84500,3.2427465
9.00,18.00,40.27400,3.2426819
9.00,18.00,42.72200,3.2426173
9.00,18.00,45.16000,3.2425569
9.00,18.00,47.59800,3.2424955
9.00,18.00,50.02800,3.2424309
9.00,18.00,52.46700,3.242363
9.00,18.00,54.91000,3.2422973
9.00,18.00,57.34500,3.242237
9.00,18.00,59.78600,3.2421713
9.00,19.00,2.23900,3.2421131
9.00,19.00,4.68100,3.2420442
9.00,19.00,7.11300,3.2419827
9.00,19.00,9.54100,3.2419224
9.00,19.00,11.98700,3.2418545
9.00,19.00,14.41800,3.2417942
9.00,19.00,16.85700,3.2417264
9.00,19.00,19.30500,3.2416639
9.00,19.00,21.73300,3.2416089
9.00,19.00,24.17200,3.2415346
9.00,19.00,26.61300,3.2414753
9.00,19.00,29.04600,3.2414118
9.00,19.00,31.48400,3.2413579
9.00,19.00,33.92700,3.2412922
9.00,19.00,36.36100,3.2412308
9.00,19.00,38.79400,3.2411662
9.00,19.00,41.22900,3.2411112
9.00,19.00,43.67200,3.2410498
9.00,19.00,46.10400,3.2409852
9.00,19.00,48.54400,3.2409281
9.00,19.00,50.97800,3.2408634
9.00,19.00,53.41700,3.240802
9.00,19.00,55.85000,3.2407439
9.00,19.00,58.29500,3.2406792
9.00,20.00,0.72600,3.2406221
9.00,20.00,3.16600,3.2405553
9.00,20.00,5.60700,3.240495
9.00,20.00,8.04400,3.2404444
9.00,20.00,10.49700,3.2403765
9.00,20.00,12.94400,3.2403172
9.00,20.00,15.38400,3.2402623
9.00,20.00,17.83400,3.2402052
9.00,20.00,20.27300,3.2401449
9.00,20.00,22.71100,3.2400856
9.00,20.00,25.14300,3.2400242
9.00,20.00,27.58100,3.2399725
9.00,20.00,30.02200,3.239909
9.00,20.00,32.46000,3.2398497
9.00,20.00,34.90400,3.2397937
9.00,20.00,37.34500,3.2397387
9.00,20.00,39.78800,3.2396741
9.00,20.00,42.21800,3.2396224
9.00,20.00,44.65600,3.2395502
9.00,20.00,47.09500,3.2395017
9.00,20.00,49.53500,3.2394457
9.00,20.00,51.97900,3.2393843
9.00,20.00,54.42400,3.2393251
9.00,20.00,56.85900,3.2392723
9.00,20.00,59.30600,3.2392066
9.00,21.00,1.74600,3.2391505
9.00,21.00,4.18400,3.2390891
9.00,21.00,6.62400,3.2390353
9.00,21.00,9.05800,3.2389792
9.00,21.00,11.49900,3.2389329
9.00,21.00,13.94700,3.2388704
9.00,21.00,16.38200,3.2388133
9.00,21.00,18.81000,3.2387616
9.00,21.00,21.24800,3.2387088
9.00,21.00,23.68500,3.2386485
9.00,21.00,26.12500,3.2385925
9.00,21.00,28.56300,3.238544
9.00,21.00,30.99400,3.2384858
9.00,21.00,33.43300,3.238432
9.00,21.00,35.87200,3.2383738
9.00,21.00,38.31100,3.2383221
9.00,21.00,40.74300,3.2382672
9.00,21.00,43.18500,3.2382144
9.00,21.00,45.62700,3.2381519
9.00,21.00,48.07000,3.2381088
9.00,21.00,50.51000,3.2380506
9.00,21.00,52.94000,3.2380032
9.00,21.00,55.39300,3.2379483
9.00,21.00,57.83600,3.237889
9.00,22.00,0.27300,3.237833
9.00,22.00,2.70600,3.2377878
9.00,22.00,5.15400,3.2377328
9.00,22.00,7.58500,3.2376811
9.00,22.00,10.01200,3.2376197
9.00,22.00,12.44900,3.2375712
9.00,22.00,14.89200,3.2375217
9.00,22.00,17.32300,3.2374635
9.00,22.00,19.77500,3.2374096
9.00,22.00,22.23300,3.2373633
9.00,22.00,24.66600,3.2373094
9.00,22.00,27.10700,3.2372642
9.00,22.00,29.54400,3.2372093
9.00,22.00,31.98300,3.2371629
9.00,22.00,34.42200,3.2371134
9.00,22.00,36.85700,3.237053
9.00,22.00,39.30100,3.2370013
9.00,22.00,41.73000,3.2369636
9.00,22.00,44.16300,3.2369119
9.00,22.00,46.60400,3.2368634
9.00,22.00,49.04400,3.2368096
9.00,22.00,51.47400,3.2367589
9.00,22.00,53.92100,3.2367115
9.00,22.00,56.36000,3.2366598
9.00,22.00,58.79800,3.2366124
9.00,23.00,1.23700,3.2365586
9.00,23.00,3.67700,3.2365079
9.00,23.00,6.11600,3.2364681
9.00,23.00,8.55500,3.2364153
9.00,23.00,11.00400,3.2363636
9.00,23.00,13.44400,3.2363248
9.00,23.00,15.88600,3.2362699
9.00,23.00,18.31000,3.2362235
9.00,23.00,20.74200,3.2361804
9.00,23.00,23.17800,3.2361352
9.00,23.00,25.61000,3.2360878
9.00,23.00,28.05000,3.2360425
9.00,23.00,30.47800,3.2359908
9.00,23.00,32.92800,3.2359456
9.00,23.00,35.36100,3.2358971
9.00,23.00,37.79400,3.235854
9.00,23.00,40.23800,3.2358066
9.00,23.00,42.66300,3.2357517
9.00,23.00,45.10100,3.2357053
9.00,23.00,47.54500,3.2356676
9.00,23.00,49.97700,3.2356105
9.00,23.00,52.41300,3.2355728
9.00,23.00,54.85100,3.2355201
9.00,23.00,57.29100,3.2354759
9.00,23.00,59.72600,3.2354306
9.00,24.00,2.15800,3.2353875
9.00,24.00,4.58700,3.2353391
9.00,24.00,7.01900,3.2352971
9.00,24.00,9.45600,3.2352529
9.00,24.00,11.88900,3.2352076
9.00,24.00,14.31900,3.2351613
9.00,24.00,16.75100,3.2351161
9.00,24.00,19.19600,3.2350676
9.00,24.00,21.63800,3.2350234
9.00,24.00,24.07500,3.2349825
9.00,24.00,26.51700,3.2349426
9.00,24.00,28.94900,3.2349017
9.00,24.00,31.38800,3.2348489
9.00,24.00,33.82500,3.234808
9.00,24.00,36.27600,3.2347649
9.00,24.00,38.71400,3.2347207
9.00,24.00,41.16300,3.2346776
9.00,24.00,43.59600,3.2346356
9.00,24.00,46.04500,3.2345957
9.00,24.00,48.47700,3.2345483
9.00,24.00,50.92500,3.2345052
9.00,24.00,53.36300,3.23446
9.00,24.00,55.78900,3.2344191
9.00,24.00,58.23300,3.2343792
9.00,25.00,0.68500,3.2343361
9.00,25.00,3.11400,3.2342973
9.00,25.00,5.55700,3.2342521
9.00,25.00,7.99900,3.2342122
9.00,25.00,10.43700,3.2341691
9.00,25.00,12.87600,3.2341314
9.00,25.00,15.31700,3.2340851
9.00,25.00,17.76800,3.2340517
9.00,25.00,20.20100,3.2340065
9.00,25.00,22.63500,3.2339677
9.00,25.00,25.06500,3.2339235
9.00,25.00,27.50400,3.2338858
9.00,25.00,29.94200,3.2338427
9.00,25.00,32.39000,3.2337975
9.00,25.00,34.83000,3.2337544
9.00,25.00,37.26500,3.2337145
9.00,25.00,39.70300,3.2336811
9.00,25.00,42.14600,3.2336348
9.00,25.00,44.57200,3.2335938
9.00,25.00,47.01500,3.2335518
9.00,25.00,49.45300,3.2335152
9.00,25.00,51.88800,3.2334786
9.00,25.00,54.32400,3.2334344
9.00,25.00,56.75800,3.2334064
9.00,25.00,59.19700,3.2333612
9.00,26.00,1.64700,3.2333267
9.00,26.00,4.08800,3.2332771
9.00,26.00,6.52000,3.2332394
9.00,26.00,8.95600,3.2331942
9.00,26.00,11.40000,3.2331554
9.00,26.00,13.84100,3.2331252
9.00,26.00,16.27800,3.2330864
9.00,26.00,18.72200,3.2330434
9.00,26.00,21.16300,3.2330089
9.00,26.00,23.61000,3.2329636
9.00,26.00,26.04800,3.2329324
9.00,26.00,28.49200,3.2328936
9.00,26.00,30.94100,3.2328581
9.00,26.00,33.38000,3.2328236
9.00,26.00,35.81900,3.2327826
9.00,26.00,38.26000,3.2327374
9.00,26.00,40.69800,3.2327115
9.00,26.00,43.12800,3.2326717
9.00,26.00,45.56800,3.2326372
9.00,26.00,47.99600,3.2325995
9.00,26.00,50.43300,3.2325586
9.00,26.00,52.88100,3.2325187
9.00,26.00,55.31800,3.2324842
9.00,26.00,57.74700,3.2324465
9.00,27.00,0.18300,3.2324121
9.00,27.00,2.62400,3.23237
9.00,27.00,5.06200,3.2323366
9.00,27.00,7.50300,3.2323011
9.00,27.00,9.94800,3.2322645
9.00,27.00,12.38900,3.2322278
9.00,27.00,14.82600,3.2321891
9.00,27.00,17.26700,3.2321503
9.00,27.00,19.70500,3.232118
9.00,27.00,22.14000,3.2320835
9.00,27.00,24.57900,3.2320479
9.00,27.00,27.01700,3.232007
9.00,27.00,29.45000,3.2319768
9.00,27.00,31.89200,3.231938
9.00,27.00,34.33400,3.2319003
9.00,27.00,36.77300,3.2318648
9.00,27.00,39.22100,3.2318282
9.00,27.00,41.66300,3.2317926
9.00,27.00,44.11500,3.2317571
9.00,27.00,46.54600,3.2317237
9.00,27.00,48.97900,3.2316881
9.00,27.00,51.42200,3.2316558
9.00,27.00,53.87400,3.2316192
9.00,27.00,56.30500,3.2315804
9.00,27.00,58.74100,3.2315448
9.00,28.00,1.17400,3.2315157
9.00,28.00,3.60700,3.2314856
9.00,28.00,6.04300,3.2314414
9.00,28.00,8.49700,3.2314188
9.00,28.00,10.93800,3.2313789
9.00,28.00,13.37800,3.2313401
9.00,28.00,15.81600,3.2313089
9.00,28.00,18.25500,3.2312755
9.00,28.00,20.70500,3.231241
9.00,28.00,23.14200,3.2312001
9.00,28.00,25.57700,3.2311656
9.00,28.00,28.01400,3.2311312
9.00,28.00,30.44600,3.2310999
9.00,28.00,32.88900,3.2310687
9.00,28.00,35.32900,3.2310331
9.00,28.00,37.76700,3.2309965
9.00,28.00,40.21400,3.2309609
9.00,28.00,42.65300,3.2309275
9.00,28.00,45.09300,3.230892
9.00,28.00,47.52800,3.2308629
9.00,28.00,49.98200,3.230836
9.00,28.00,52.41200,3.2307972
9.00,28.00,54.85200,3.2307638
9.00,28.00,57.28800,3.2307272
9.00,28.00,59.73200,3.2307002
9.00,29.00,2.16700,3.2306636
9.00,29.00,4.61000,3.2306237
9.00,29.00,7.04200,3.230599
9.00,29.00,9.48200,3.2305548
9.00,29.00,11.92300,3.2305343
9.00,29.00,14.36400,3.2304923
9.00,29.00,16.80800,3.2304643
9.00,29.00,19.25600,3.2304331
9.00,29.00,21.70000,3.2304029
9.00,29.00,24.15100,3.2303566
9.00,29.00,26.59200,3.2303329
9.00,29.00,29.03200,3.2303016
9.00,29.00,31.48200,3.2302682
9.00,29.00,33.92300,3.2302392
9.00,29.00,36.36500,3.2302014
9.00,29.00,38.79300,3.2301756
9.00,29.00,41.23200,3.2301476
9.00,29.00,43.67600,3.2301131
9.00,29.00,46.10800,3.2300786
9.00,29.00,48.54600,3.2300506
9.00,29.00,50.98700,3.2300183
9.00,29.00,53.43200,3.2299892
9.00,29.00,55.87200,3.2299472
9.00,29.00,58.31600,3.2299203
9.00,30.00,0.74400,3.2298858
9.00,30.00,3.18500,3.2298535
9.00,30.00,5.61700,3.2298255
9.00,30.00,8.06100,3.2297964
9.00,30.00,10.49300,3.2297576
9.00,30.00,12.94400,3.2297317
9.00,30.00,15.38100,3.2296984
9.00,30.00,17.82200,3.229666
9.00,30.00,20.26300,3.2296316
9.00,30.00,22.70500,3.2296035
9.00,30.00,25.14500,3.2295745
9.00,30.00,27.58500,3.2295432
9.00,30.00,30.02400,3.2295109
9.00,30.00,32.46400,3.2294818
9.00,30.00,34.89500,3.2294506
9.00,30.00,37.33300,3.2294236
9.00,30.00,39.77400,3.2293849
9.00,30.00,42.23300,3.2293515
9.00,30.00,44.67400,3.2293202
9.00,30.00,47.10600,3.2292954
9.00,30.00,49.55000,3.2292599
9.00,30.00,51.98400,3.2292308
9.00,30.00,54.42800,3.2292006
9.00,30.00,56.86700,3.2291726
9.00,30.00,59.29800,3.2291338
9.00,31.00,1.73500,3.2291091
9.00,31.00,4.17600,3.2290821
9.00,31.00,6.61500,3.2290498
9.00,31.00,9.05900,3.2290207
9.00,31.00,11.49800,3.2289895
9.00,31.00,13.93900,3.2289582
9.00,31.00,16.37600,3.2289238
9.00,31.00,18.81800,3.2288947
9.00,31.00,21.26100,3.2288645
9.00,31.00,23.69300,3.2288344
9.00,31.00,26.14200,3.228802
9.00,31.00,28.57700,3.228773
9.00,31.00,31.02000,3.2287417
9.00,31.00,33.45000,3.2287148
9.00,31.00,35.88800,3.2286803
9.00,31.00,38.32400,3.2286545
9.00,31.00,40.76800,3.2286157
9.00,31.00,43.19200,3.2286038
9.00,31.00,45.63000,3.2285661
9.00,31.00,48.06500,3.2285381
9.00,31.00,50.50300,3.2284961
9.00,31.00,52.94700,3.2284745
9.00,31.00,55.38500,3.2284455
9.00,31.00,57.81900,3.2284174
9.00,32.00,0.25600,3.2283819
9.00,32.00,2.69100,3.2283507
9.00,32.00,5.13000,3.2283216
9.00,32.00,7.57000,3.2282936
9.00,32.00,10.01900,3.2282623
9.00,32.00,12.45000,3.2282354
9.00,32.00,14.88300,3.2281977
9.00,32.00,17.32400,3.2281707
9.00,32.00,19.76200,3.2281427
9.00,32.00,22.20400,3.2281147
9.00,32.00,24.64200,3.2280835
9.00,32.00,27.07500,3.2280512
9.00,32.00,29.52600,3.2280232
9.00,32.00,31.96600,3.2279865
9.00,32.00,34.39000,3.2279639
9.00,32.00,36.82800,3.2279337
9.00,32.00,39.28100,3.2278971
9.00,32.00,41.70600,3.2278734
9.00,32.00,44.14500,3.2278443
9.00,32.00,46.58800,3.2278163
9.00,32.00,49.02700,3.2277818
9.00,32.00,51.47300,3.2277506
9.00,32.00,53.92300,3.2277291
9.00,32.00,56.36500,3.2276978
9.00,32.00,58.80300,3.2276698
9.00,33.00,1.24500,3.2276396
9.00,33.00,3.68300,3.2276149
9.00,33.00,6.12300,3.227575
9.00,33.00,8.56700,3.2275448
9.00,33.00,11.00900,3.2275125
9.00,33.00,13.46000,3.2274899
9.00,33.00,15.90300,3.2274543
9.00,33.00,18.34200,3.2274209
9.00,33.00,20.78100,3.227394
9.00,33.00,23.22300,3.2273725
9.00,33.00,25.66400,3.227338
9.00,33.00,28.10600,3.2273111
9.00,33.00,30.54900,3.2272787
9.00,33.00,32.98200,3.2272443
9.00,33.00,35.41700,3.2272195
9.00,33.00,37.86000,3.2271904
9.00,33.00,40.29300,3.227157
9.00,33.00,42.72600,3.2271322
9.00,33.00,45.16900,3.2270935
9.00,33.00,47.61200,3.2270687
9.00,33.00,50.05200,3.2270374
9.00,33.00,52.49300,3.2270105
9.00,33.00,54.94500,3.2269825
9.00,33.00,57.38600,3.2269491
9.00,33.00,59.83300,3.22692
9.00,34.00,2.27300,3.2268931
9.00,34.00,4.72600,3.2268629
9.00,34.00,7.16400,3.2268317
9.00,34.00,9.60300,3.2268047
9.00,34.00,12.03600,3.2267756
9.00,34.00,14.47400,3.226739
9.00,34.00,16.91300,3.226711
9.00,34.00,19.36200,3.2266884
9.00,34.00,21.80000,3.2266593
9.00,34.00,24.24000,3.2266291
9.00,34.00,26.69000,3.2265936
9.00,34.00,29.11800,3.2265677
9.00,34.00,31.55900,3.2265419
9.00,34.00,34.00400,3.2265096
9.00,34.00,36.43700,3.2264805
9.00,34.00,38.87700,3.22646
9.00,34.00,41.31500,3.2264266
9.00,34.00,43.74800,3.2263997
9.00,34.00,46.18200,3.226363
9.00,34.00,48.61400,3.2263318
9.00,34.00,51.04600,3.2263006
9.00,34.00,53.49800,3.2262769
9.00,34.00,55.93300,3.2262467
9.00,34.00,58.35900,3.2262144
9.00,35.00,0.78800,3.226181
9.00,35.00,3.23800,3.226153
9.00,35.00,5.67900,3.2261228
9.00,35.00,8.11800,3.2260937
9.00,35.00,10.56600,3.2260657
9.00,35.00,13.00900,3.2260355
9.00,35.00,15.44300,3.2260129
9.00,35.00,17.88200,3.2259785
9.00,35.00,20.32400,3.2259483
9.00,35.00,22.76200,3.2259192
9.00,35.00,25.20200,3.225889
9.00,35.00,27.63800,3.2258524
9.00,35.00,30.06800,3.2258255
9.00,35.00,32.52200,3.2257996
9.00,35.00,34.95300,3.2257705
9.00,35.00,37.39400,3.2257328
9.00,35.00,39.83700,3.2257059
9.00,35.00,42.28700,3.2256833
9.00,35.00,44.72300,3.2256445
9.00,35.00,47.16800,3.2256197
9.00,35.00,49.60900,3.2255863
9.00,35.00,52.03800,3.2255594
9.00,35.00,54.47600,3.2255292
9.00,35.00,56.91900,3.2255012
9.00,35.00,59.36300,3.2254721
9.00,36.00,1.80200,3.2254387
9.00,36.00,4.24000,3.2254118
9.00,36.00,6.68900,3.2253859
9.00,36.00,9.12400,3.2253493
9.00,36.00,11.56500,3.2253213
9.00,36.00,14.00300,3.2252879
9.00,36.00,16.44200,3.225262
9.00,36.00,18.88200,3.2252319
9.00,36.00,21.32400,3.2252028
9.00,36.00,23.76200,3.2251662
9.00,36.00,26.19200,3.2251425
9.00,36.00,28.64200,3.2251155
9.00,36.00,31.08000,3.2250789
9.00,36.00,33.52000,3.2250563
9.00,36.00,35.95100,3.2250272
9.00,36.00,38.38200,3.2249949
9.00,36.00,40.82400,3.2249679
9.00,36.00,43.26600,3.2249378
9.00,36.00,45.70400,3.2249044
9.00,36.00,48.13500,3.2248764
9.00,36.00,50.57400,3.2248516
9.00,36.00,53.00800,3.2248268
9.00,36.00,55.45300,3.224788
9.00,36.00,57.89200,3.2247665
9.00,37.00,0.33400,3.2247212
9.00,37.00,2.77500,3.2246997
9.00,37.00,5.23000,3.2246695
9.00,37.00,7.67000,3.2246394
9.00,37.00,10.11000,3.2246006
9.00,37.00,12.54400,3.2245801
9.00,37.00,14.98100,3.2245456
9.00,37.00,17.42100,3.224509
9.00,37.00,19.85500,3.2244853
9.00,37.00,22.29500,3.2244573
9.00,37.00,24.73900,3.2244282
9.00,37.00,27.18600,3.2243916
9.00,37.00,29.62800,3.2243679
9.00,37.00,32.06600,3.2243356
9.00,37.00,34.51700,3.2243022
9.00,37.00,36.94400,3.2242763
9.00,37.00,39.37700,3.2242429
9.00,37.00,41.81600,3.2242171
9.00,37.00,44.24700,3.2241869
9.00,37.00,46.68500,3.2241535
9.00,37.00,49.11700,3.2241223
9.00,37.00,51.54600,3.2240953
9.00,37.00,53.99300,3.2240641
9.00,37.00,56.43400,3.2240339
9.00,37.00,58.88000,3.2240081
9.00,38.00,1.30700,3.2239801
9.00,38.00,3.74800,3.2239488
9.00,38.00,6.19000,3.2239144
9.00,38.00,8.63200,3.2238853
9.00,38.00,11.06400,3.2238562
9.00,38.00,13.51300,3.223826
9.00,38.00,15.95600,3.2237915
9.00,38.00,18.39400,3.2237603
9.00,38.00,20.82500,3.2237291
9.00,38.00,23.26400,3.2236989
9.00,38.00,25.69400,3.2236677
9.00,38.00,28.14100,3.2236364
9.00,38.00,30.59100,3.2236073
9.00,38.00,33.02600,3.2235793
9.00,38.00,35.46500,3.2235513
9.00,38.00,37.90400,3.2235158
9.00,38.00,40.33600,3.2234921
9.00,38.00,42.77600,3.2234619
9.00,38.00,45.20900,3.2234296
9.00,38.00,47.65100,3.2233983
9.00,38.00,50.08700,3.2233671
9.00,38.00,52.51500,3.2233391
9.00,38.00,54.95900,3.2233057
9.00,38.00,57.39900,3.2232712
9.00,38.00,59.83400,3.22324
9.00,39.00,2.26800,3.223213
9.00,39.00,4.70900,3.2231861
9.00,39.00,7.14200,3.2231549
9.00,39.00,9.58000,3.2231182
9.00,39.00,12.01200,3.2230978
9.00,39.00,14.45000,3.2230622
9.00,39.00,16.88800,3.2230353
9.00,39.00,19.31800,3.2230008
9.00,39.00,21.76600,3.2229674
9.00,39.00,24.20900,3.2229351
9.00,39.00,26.64800,3.2229028
9.00,39.00,29.08700,3.2228748
9.00,39.00,31.52900,3.2228424
9.00,39.00,33.96200,3.2228155
9.00,39.00,36.41300,3.2227821
9.00,39.00,38.86100,3.2227541
9.00,39.00,41.29900,3.2227218
9.00,39.00,43.73400,3.2226884
9.00,39.00,46.16400,3.2226604
9.00,39.00,48.60800,3.2226313
9.00,39.00,51.05000,3.2226033
9.00,39.00,53.49000,3.2225645
9.00,39.00,55.93500,3.2225311
9.00,39.00,58.37600,3.2224999
9.00,40.00,0.80700,3.2224665
9.00,40.00,3.24000,3.2224374
9.00,40.00,5.69200,3.222404
9.00,40.00,8.13300,3.2223803
9.00,40.00,10.58400,3.2223447
9.00,40.00,13.02300,3.2223092
9.00,40.00,15.45500,3.2222812
9.00,40.00,17.89400,3.2222542
9.00,40.00,20.33900,3.2222198
9.00,40.00,22.77000,3.2221874
9.00,40.00,25.21500,3.2221551
9.00,40.00,27.65700,3.222125
9.00,40.00,30.09700,3.2220905
9.00,40.00,32.53000,3.2220614
9.00,40.00,34.96800,3.2220302
9.00,40.00,37.41300,3.2219978
9.00,40.00,39.84700,3.2219612
9.00,40.00,42.28500,3.2219386
9.00,40.00,44.71300,3.2219063
9.00,40.00,47.16100,3.2218804
9.00,40.00,49.59300,3.2218459
9.00,40.00,52.03200,3.2218104
9.00,40.00,54.47300,3.2217845
9.00,40.00,56.91000,3.2217479
9.00,40.00,59.34900,3.2217081
9.00,41.00,1.79700,3.2216822
9.00,41.00,4.23700,3.2216423
9.00,41.00,6.67600,3.2216068
9.00,41.00,9.11000,3.2215831
9.00,41.00,11.54300,3.2215529
9.00,41.00,13.98000,3.221512
9.00,41.00,16.42000,3.221484
9.00,41.00,18.85800,3.2214549
9.00,41.00,21.29800,3.2214183
9.00,41.00,23.73500,3.2213913
9.00,41.00,26.16600,3.2213536
9.00,41.00,28.60500,3.2213235
9.00,41.00,31.04200,3.2212954
9.00,41.00,33.48200,3.2212577
9.00,41.00,35.92700,3.2212243
9.00,41.00,38.37500,3.2211899
9.00,41.00,40.81800,3.2211597
9.00,41.00,43.25900,3.2211231
9.00,41.00,45.70100,3.2210929
9.00,41.00,48.14600,3.2210617
9.00,41.00,50.58500,3.2210283
9.00,41.00,53.02000,3.2209949
9.00,41.00,55.45700,3.2209647
9.00,41.00,57.89600,3.2209335
9.00,42.00,0.33200,3.2209001
9.00,42.00,2.76600,3.2208581
9.00,42.00,5.20400,3.2208333
9.00,42.00,7.64200,3.2208031
9.00,42.00,10.06700,3.2207697
9.00,42.00,12.50900,3.2207353
9.00,42.00,14.94300,3.2207019
9.00,42.00,17.38100,3.2206674
9.00,42.00,19.81200,3.2206308
9.00,42.00,22.24500,3.2206006
9.00,42.00,24.68400,3.2205661
9.00,42.00,27.12600,3.220537
9.00,42.00,29.56300,3.2204929
9.00,42.00,32.00000,3.2204627
9.00,42.00,34.44100,3.2204261
9.00,42.00,36.86800,3.220397
9.00,42.00,39.30800,3.2203668
9.00,42.00,41.75000,3.2203334
9.00,42.00,44.19200,3.2202936
9.00,42.00,46.62900,3.2202559
9.00,42.00,49.07500,3.2202235
9.00,42.00,51.51300,3.2201923
9.00,42.00,53.94300,3.2201557
9.00,42.00,56.38100,3.2201266
9.00,42.00,58.81400,3.220091
9.00,43.00,1.24000,3.2200523
9.00,43.00,3.67900,3.2200221
9.00,43.00,6.11700,3.2199876
9.00,43.00,8.56100,3.219951
9.00,43.00,10.99700,3.2199165
9.00,43.00,13.42300,3.2198842
9.00,43.00,15.86100,3.2198519
9.00,43.00,18.29900,3.219812
9.00,43.00,20.73200,3.2197765
9.00,43.00,23.16900,3.2197485
9.00,43.00,25.61000,3.2197151
9.00,43.00,28.05300,3.2196827
9.00,43.00,30.48500,3.2196375
9.00,43.00,32.92700,3.219603
9.00,43.00,35.37000,3.2195664
9.00,43.00,37.80700,3.2195319
9.00,43.00,40.23200,3.2194953
9.00,43.00,42.68100,3.2194662
9.00,43.00,45.11400,3.2194242
9.00,43.00,47.55700,3.2193876
9.00,43.00,50.00100,3.2193509
9.00,43.00,52.45100,3.219324
9.00,43.00,54.88300,3.2192852
9.00,43.00,57.31200,3.2192518
9.00,43.00,59.74100,3.2192141
9.00,44.00,2.17900,3.2191699
9.00,44.00,4.62100,3.2191419
9.00,44.00,7.05000,3.2191064
9.00,44.00,9.48700,3.2190687
9.00,44.00,11.92700,3.2190331
9.00,44.00,14.36600,3.2189997
9.00,44.00,16.80000,3.218962
9.00,44.00,19.22500,3.2189232
9.00,44.00,21.65800,3.2188898
9.00,44.00,24.08300,3.2188489
9.00,44.00,26.52100,3.2188177
9.00,44.00,28.97000,3.2187746
9.00,44.00,31.40900,3.2187433
9.00,44.00,33.84700,3.2187099
9.00,44.00,36.28200,3.2186712
9.00,44.00,38.72300,3.2186335
9.00,44.00,41.15700,3.2185979
9.00,44.00,43.59600,3.2185591
9.00,44.00,46.03400,3.2185322
9.00,44.00,48.46400,3.2184934
9.00,44.00,50.90700,3.2184449
9.00,44.00,53.33700,3.2184137
9.00,44.00,55.77900,3.2183878
9.00,44.00,58.21400,3.2183394
9.00,45.00,0.65800,3.218306
9.00,45.00,3.09000,3.2182704
9.00,45.00,5.52800,3.2182252
9.00,45.00,7.96700,3.2181918
9.00,45.00,10.40700,3.2181551
9.00,45.00,12.84600,3.2181196
9.00,45.00,15.27200,3.2180743
9.00,45.00,17.71700,3.2180399
9.00,45.00,20.16800,3.2180022
9.00,45.00,22.61200,3.2179645
9.00,45.00,25.05500,3.2179332
9.00,45.00,27.49600,3.2178923
9.00,45.00,29.93600,3.2178524
9.00,45.00,32.37700,3.217819
9.00,45.00,34.81700,3.2177824
9.00,45.00,37.25800,3.2177458
9.00,45.00,39.70400,3.2176984
9.00,45.00,42.13600,3.2176671
9.00,45.00,44.57400,3.2176197
9.00,45.00,47.01900,3.2175928
9.00,45.00,49.45700,3.2175497
9.00,45.00,51.89200,3.2175152
9.00,45.00,54.33700,3.2174732
9.00,45.00,56.76900,3.2174387
9.00,45.00,59.19900,3.2173978
9.00,46.00,1.63800,3.2173579
9.00,46.00,4.08200,3.2173235
9.00,46.00,6.50500,3.2172847
9.00,46.00,8.94400,3.2172491
9.00,46.00,11.38500,3.2172039
9.00,46.00,13.81900,3.2171694
9.00,46.00,16.26800,3.2171306
9.00,46.00,18.71700,3.2170908
9.00,46.00,21.15000,3.2170477
9.00,46.00,23.59200,3.2170175
9.00,46.00,26.03400,3.2169798
9.00,46.00,28.46200,3.2169356
9.00,46.00,30.90200,3.2168904
9.00,46.00,33.33200,3.2168548
9.00,46.00,35.77100,3.2168193
9.00,46.00,38.21600,3.2167773
9.00,46.00,40.66800,3.2167353
9.00,46.00,43.10200,3.2167072
9.00,46.00,45.54600,3.2166652
9.00,46.00,47.99100,3.2166232
9.00,46.00,50.44100,3.2165812
9.00,46.00,52.87000,3.2165467
9.00,46.00,55.29600,3.2164993
9.00,46.00,57.74000,3.2164627
9.00,47.00,0.17400,3.2164261
9.00,47.00,2.61200,3.216369
9.00,47.00,5.05700,3.2163345
9.00,47.00,7.49400,3.2163022
9.00,47.00,9.95200,3.2162591
9.00,47.00,12.39500,3.2162246
9.00,47.00,14.83300,3.2161858
9.00,47.00,17.27500,3.2161427
9.00,47.00,19.71200,3.2160986
9.00,47.00,22.16700,3.2160523
9.00,47.00,24.60700,3.2160178
9.00,47.00,27.03800,3.215979
9.00,47.00,29.46900,3.2159359
9.00,47.00,31.89800,3.2158939
9.00,47.00,34.34900,3.2158583
9.00,47.00,36.78100,3.2158131
9.00,47.00,39.22200,3.2157743
9.00,47.00,41.66400,3.2157334
9.00,47.00,44.12300,3.2156838
9.00,47.00,46.55800,3.2156515
9.00,47.00,48.98900,3.2156095
9.00,47.00,51.42900,3.2155664
9.00,47.00,53.86400,3.2155211
9.00,47.00,56.29300,3.2154845
9.00,47.00,58.72900,3.2154403
9.00,48.00,1.16600,3.2153983
9.00,48.00,3.61100,3.2153585
9.00,48.00,6.04500,3.2153208
9.00,48.00,8.49800,3.2152734
9.00,48.00,10.93400,3.2152335
9.00,48.00,13.37500,3.2151904
9.00,48.00,15.80800,3.2151452
9.00,48.00,18.25200,3.2151064
9.00,48.00,20.69200,3.2150698
9.00,48.00,23.13100,3.2150245
9.00,48.00,25.57400,3.2149793
9.00,48.00,27.99700,3.2149362
9.00,48.00,30.43600,3.2148931
9.00,48.00,32.87300,3.2148565
9.00,48.00,35.30700,3.2148091
9.00,48.00,37.74700,3.2147692
9.00,48.00,40.18600,3.2147239
9.00,48.00,42.62700,3.2146862
9.00,48.00,45.06000,3.2146356
9.00,48.00,47.49800,3.2145914
9.00,48.00,49.95200,3.2145559
9.00,48.00,52.38800,3.2145128
9.00,48.00,54.83800,3.2144729
9.00,48.00,57.27700,3.2144234
9.00,48.00,59.71600,3.2143857
9.00,49.00,2.15300,3.2143415
9.00,49.00,4.59200,3.2142952
9.00,49.00,7.03300,3.214251
9.00,49.00,9.47700,3.2142144
9.00,49.00,11.90700,3.2141562
9.00,49.00,14.37500,3.2141271
9.00,49.00,16.81500,3.2140711
9.00,49.00,19.25400,3.214028
9.00,49.00,21.69900,3.2139849
9.00,49.00,24.13300,3.2139451
9.00,49.00,26.58100,3.2139009
9.00,49.00,29.01000,3.2138449
9.00,49.00,31.45400,3.2138136
9.00,49.00,33.88700,3.2137619
9.00,49.00,36.32500,3.2137231
9.00,49.00,38.75100,3.2136768
9.00,49.00,41.19000,3.2136348
9.00,49.00,43.62900,3.2135917
9.00,49.00,46.07000,3.2135508
9.00,49.00,48.51000,3.2135088
9.00,49.00,50.95000,3.2134614
9.00,49.00,53.40100,3.213415
9.00,49.00,55.84600,3.2133633
9.00,49.00,58.28200,3.2133235
9.00,50.00,0.71300,3.2132728
9.00,50.00,3.14900,3.2132287
9.00,50.00,5.59900,3.2131823
9.00,50.00,8.03900,3.2131328
9.00,50.00,10.48000,3.2130908
9.00,50.00,12.91900,3.2130477
9.00,50.00,15.35700,3.2130014
9.00,50.00,17.79200,3.2129572
9.00,50.00,20.23400,3.2129012
9.00,50.00,22.66500,3.2128635
9.00,50.00,25.09600,3.2128117
9.00,50.00,27.53500,3.2127654
9.00,50.00,29.97500,3.2127266
9.00,50.00,32.39900,3.2126792
9.00,50.00,34.84800,3.2126265
9.00,50.00,37.28700,3.2125834
9.00,50.00,39.73100,3.212537
9.00,50.00,42.17000,3.2124929
9.00,50.00,44.60000,3.2124379
9.00,50.00,47.04600,3.2123991
9.00,50.00,49.48600,3.2123442
9.00,50.00,51.92700,3.2122979
9.00,50.00,54.37300,3.2122548
9.00,50.00,56.80400,3.2122106
9.00,50.00,59.24200,3.2121589
9.00,51.00,1.68200,3.2121018
9.00,51.00,4.11600,3.2120652
9.00,51.00,6.56300,3.2120189
9.00,51.00,8.99800,3.2119704
9.00,51.00,11.44900,3.2119273
9.00,51.00,13.87900,3.2118745
9.00,51.00,16.33000,3.2118336
9.00,51.00,18.77100,3.2117797
9.00,51.00,21.19600,3.2117323
9.00,51.00,23.63600,3.2116849
9.00,51.00,26.06800,3.2116353
9.00,51.00,28.50700,3.2115869
9.00,51.00,30.94000,3.2115362
9.00,51.00,33.37300,3.2114899
9.00,51.00,35.81300,3.211436
9.00,51.00,38.24300,3.2113854
9.00,51.00,40.67900,3.211338
9.00,51.00,43.12100,3.2112895
9.00,51.00,45.56100,3.2112421
9.00,51.00,47.99900,3.211198
9.00,51.00,50.43800,3.2111441
9.00,51.00,52.86700,3.2110924
9.00,51.00,55.29500,3.2110439
9.00,51.00,57.74100,3.2109987
9.00,52.00,0.18800,3.2109513
9.00,52.00,2.62800,3.2108952
9.00,52.00,5.07100,3.2108489
9.00,52.00,7.52300,3.2108037
9.00,52.00,9.96900,3.2107455
9.00,52.00,12.40600,3.2107024
9.00,52.00,14.84900,3.2106485
9.00,52.00,17.28900,3.2105979
9.00,52.00,19.73100,3.210543
9.00,52.00,22.16900,3.2104956
9.00,52.00,24.61300,3.2104406
9.00,52.00,27.04300,3.21039
9.00,52.00,29.48100,3.210335
9.00,52.00,31.92000,3.210293
9.00,52.00,34.36300,3.2102413
9.00,52.00,36.80400,3.2101875
9.00,52.00,39.24000,3.2101411
9.00,52.00,41.68100,3.2100894
9.00,52.00,44.12000,3.2100409
9.00,52.00,46.56000,3.2099892
9.00,52.00,49.00400,3.2099332
9.00,52.00,51.44400,3.2098772
9.00,52.00,53.88800,3.2098287
9.00,52.00,56.32400,3.2097813
9.00,52.00,58.75500,3.2097264
9.00,53.00,1.18400,3.2096736
9.00,53.00,3.61800,3.2096294
9.00,53.00,6.05600,3.2095788
9.00,53.00,8.50200,3.2095217
9.00,53.00,10.93300,3.2094624
9.00,53.00,13.38000,3.209414
9.00,53.00,15.81300,3.2093612
9.00,53.00,18.25100,3.2093095
9.00,53.00,20.69600,3.2092545
9.00,53.00,23.13200,3.209206
9.00,53.00,25.56200,3.2091382
9.00,53.00,28.01100,3.2090994
9.00,53.00,30.45000,3.2090358
9.00,53.00,32.88900,3.2089874
9.00,53.00,35.32100,3.2089346
9.00,53.00,37.77000,3.2088904
9.00,53.00,40.20900,3.208829
9.00,53.00,42.65800,3.208774
9.00,53.00,45.09000,3.2087148
9.00,53.00,47.52900,3.2086685
9.00,53.00,49.96000,3.2086028
9.00,53.00,52.39800,3.2085607
9.00,53.00,54.85000,3.2084983
9.00,53.00,57.28400,3.2084541
9.00,53.00,59.72400,3.2083959
9.00,54.00,2.17000,3.208341
9.00,54.00,4.60500,3.208286
9.00,54.00,7.04200,3.2082332
9.00,54.00,9.48100,3.2081805
9.00,54.00,11.92000,3.2081266
9.00,54.00,14.36500,3.2080652
9.00,54.00,16.80400,3.2080135
9.00,54.00,19.24200,3.2079531
9.00,54.00,21.68400,3.2079025
9.00,54.00,24.12700,3.2078476
9.00,54.00,26.57700,3.2077905
9.00,54.00,29.01700,3.2077345
9.00,54.00,31.46500,3.2076774
9.00,54.00,33.89600,3.2076116
9.00,54.00,36.34300,3.2075642
9.00,54.00,38.78000,3.2075136
9.00,54.00,41.22900,3.2074544
9.00,54.00,43.66000,3.2074048
9.00,54.00,46.08800,3.2073402
9.00,54.00,48.52700,3.2072863
9.00,54.00,50.96600,3.2072238
9.00,54.00,53.40300,3.207171
9.00,54.00,55.84600,3.2071118
9.00,54.00,58.28000,3.207059
9.00,55.00,0.71000,3.2069976
9.00,55.00,3.14200,3.2069405
9.00,55.00,5.57500,3.2068834
9.00,55.00,8.01400,3.206822
9.00,55.00,10.45400,3.206766
9.00,55.00,12.89200,3.2067089
9.00,55.00,15.33300,3.2066485
9.00,55.00,17.76500,3.2065968
9.00,55.00,20.19700,3.2065333
9.00,55.00,22.63200,3.2064729
9.00,55.00,25.05900,3.2064158
9.00,55.00,27.49400,3.2063555
9.00,55.00,29.93200,3.2062984
9.00,55.00,32.38000,3.2062489
9.00,55.00,34.81400,3.2061939
9.00,55.00,37.25100,3.2061325
9.00,55.00,39.68700,3.2060668
9.00,55.00,42.11200,3.2060205
9.00,55.00,44.55500,3.2059505
9.00,55.00,47.00000,3.2058934
9.00,55.00,49.43200,3.2058309
9.00,55.00,51.86000,3.2057781
9.00,55.00,54.31200,3.205721
9.00,55.00,56.74800,3.2056585
9.00,55.00,59.19900,3.2055928
9.00,56.00,1.64300,3.2055368
9.00,56.00,4.08400,3.2054711
9.00,56.00,6.52500,3.2054075
9.00,56.00,8.96500,3.2053536
9.00,56.00,11.40600,3.2052976
9.00,56.00,13.83900,3.2052341
9.00,56.00,16.27600,3.2051737
9.00,56.00,18.72000,3.2051166
9.00,56.00,21.14600,3.2050477
9.00,56.00,23.58600,3.204983
9.00,56.00,26.02300,3.2049259
9.00,56.00,28.45300,3.2048656
9.00,56.00,30.88500,3.2048064
9.00,56.00,33.32400,3.2047439
9.00,56.00,35.76000,3.2046846
9.00,56.00,38.20000,3.2046254
9.00,56.00,40.63900,3.2045704
9.00,56.00,43.08500,3.2045069
9.00,56.00,45.51900,3.204439
9.00,56.00,47.95800,3.2043798
9.00,56.00,50.39800,3.2043205
9.00,56.00,52.83200,3.204258
9.00,56.00,55.28400,3.2041934
9.00,56.00,57.72800,3.2041374
9.00,57.00,0.16500,3.2040695
9.00,57.00,2.61600,3.2040199
9.00,57.00,5.05400,3.2039348
9.00,57.00,7.49600,3.2038788
9.00,57.00,9.93700,3.2038206
9.00,57.00,12.38900,3.2037571
9.00,57.00,14.81500,3.2036957
9.00,57.00,17.24800,3.2036332
9.00,57.00,19.69200,3.2035707
9.00,57.00,22.12500,3.2035018
9.00,57.00,24.55400,3.2034404
9.00,57.00,26.98800,3.2033811
9.00,57.00,29.42600,3.2033165
9.00,57.00,31.87100,3.2032475
9.00,57.00,34.30400,3.2031893
9.00,57.00,36.73100,3.2031279
9.00,57.00,39.15500,3.2030612
9.00,57.00,41.58500,3.2029944
9.00,57.00,44.03300,3.202933
9.00,57.00,46.47200,3.2028672
9.00,57.00,48.91400,3.2027994
9.00,57.00,51.35300,3.2027358
9.00,57.00,53.80200,3.2026712
9.00,57.00,56.23100,3.2026044
9.00,57.00,58.67700,3.202544
9.00,58.00,1.11500,3.2024697
9.00,58.00,3.54700,3.202404
9.00,58.00,5.98500,3.2023394
9.00,58.00,8.42500,3.2022704
9.00,58.00,10.85300,3.2022047
9.00,58.00,13.29100,3.2021347
9.00,58.00,15.73400,3.2020743
9.00,58.00,18.16900,3.2020119
9.00,58.00,20.60700,3.2019472
9.00,58.00,23.05200,3.2018837
9.00,58.00,25.49100,3.2018083
9.00,58.00,27.92300,3.201749
9.00,58.00,30.35800,3.2016854
9.00,58.00,32.79700,3.2016251
9.00,58.00,35.24000,3.2015508
9.00,58.00,37.69100,3.2014851
9.00,58.00,40.14300,3.2014097
9.00,58.00,42.58200,3.2013418
9.00,58.00,45.02200,3.2012739
9.00,58.00,47.45500,3.2012125
9.00,58.00,49.89400,3.2011371
9.00,58.00,52.33200,3.2010671
9.00,58.00,54.75700,3.2010046
9.00,58.00,57.20800,3.2009356
9.00,58.00,59.65200,3.2008602
9.00,59.00,2.09600,3.2007967
9.00,59.00,4.53300,3.2007256
9.00,59.00,6.96800,3.2006523
9.00,59.00,9.42200,3.2005823
9.00,59.00,11.85700,3.200522
9.00,59.00,14.29500,3.2004487
9.00,59.00,16.74200,3.2003755
9.00,59.00,19.18500,3.2003054
9.00,59.00,21.62300,3.2002419
9.00,59.00,24.07200,3.2001622
9.00,59.00,26.50300,3.200091
9.00,59.00,28.94300,3.2000232
9.00,59.00,31.38200,3.1999575
9.00,59.00,33.81500,3.1998821
9.00,59.00,36.25400,3.199811
9.00,59.00,38.70800,3.1997399
9.00,59.00,41.13800,3.1996612
9.00,59.00,43.57700,3.1995933
9.00,59.00,46.01800,3.1995244
9.00,59.00,48.45700,3.1994587
9.00,59.00,50.89700,3.1993811
9.00,59.00,53.33100,3.1993089
9.00,59.00,55.77000,3.1992378
9.00,59.00,58.22400,3.1991624
10.00,0.00,0.66200,3.1990913
10.00,0.00,3.09600,3.1990224
10.00,0.00,5.53400,3.1989491
10.00,0.00,7.97200,3.1988726
10.00,0.00,10.41300,3.1988026
10.00,0.00,12.85000,3.1987358
10.00,0.00,15.28800,3.1986593
10.00,0.00,17.72100,3.1985915
10.00,0.00,20.16200,3.1985139
10.00,0.00,22.60300,3.1984385
10.00,0.00,25.05900,3.1983717
10.00,0.00,27.50100,3.1982995
10.00,0.00,29.94000,3.1982166
10.00,0.00,32.37100,3.1981358
10.00,0.00,34.81200,3.19807
10.00,0.00,37.24300,3.1979957
10.00,0.00,39.67600,3.1979225
10.00,0.00,42.10500,3.1978567
10.00,0.00,44.54700,3.1977727
10.00,0.00,46.98200,3.1977016
10.00,0.00,49.42900,3.1976251
10.00,0.00,51.87000,3.1975508
10.00,0.00,54.30600,3.1974721
10.00,0.00,56.73800,3.1973946
10.00,0.00,59.18300,3.1973149
10.00,1.00,1.62400,3.1972438
10.00,1.00,4.05500,3.1971673
10.00,1.00,6.49500,3.1970897
10.00,1.00,8.93500,3.1970154
10.00,1.00,11.39900,3.1969357
10.00,1.00,13.84100,3.196857
10.00,1.00,16.28400,3.1967838
10.00,1.00,18.72700,3.1967083
10.00,1.00,21.16600,3.1966319
10.00,1.00,23.59800,3.1965597
10.00,1.00,26.04100,3.1964681
10.00,1.00,28.48100,3.1963862
10.00,1.00,30.92000,3.1963097
10.00,1.00,33.35800,3.1962376
10.00,1.00,35.80200,3.1961535
10.00,1.00,38.24500,3.1960792
10.00,1.00,40.68900,3.195993
10.00,1.00,43.13300,3.1959198
10.00,1.00,45.57000,3.19584
10.00,1.00,48.01900,3.1957571
10.00,1.00,50.45700,3.1956828
10.00,1.00,52.89800,3.1956073
10.00,1.00,55.33100,3.1955212
10.00,1.00,57.76800,3.1954371
10.00,2.00,0.20600,3.1953606
10.00,2.00,2.64300,3.1952755
10.00,2.00,5.07900,3.1951958
10.00,2.00,7.51700,3.1951161
10.00,2.00,9.95700,3.1950353
10.00,2.00,12.39700,3.1949513
10.00,2.00,14.83100,3.1948683
10.00,2.00,17.27500,3.1947854
10.00,2.00,19.71500,3.1947035
10.00,2.00,22.16800,3.1946238
10.00,2.00,24.61200,3.1945387
10.00,2.00,27.04500,3.1944611
10.00,2.00,29.48600,3.1943728
10.00,2.00,31.92600,3.1942877
10.00,2.00,34.36500,3.1942069
10.00,2.00,36.80800,3.1941261
10.00,2.00,39.23500,3.1940399
10.00,2.00,41.67400,3.1939559
10.00,2.00,44.11200,3.1938707
10.00,2.00,46.54300,3.1937824
10.00,2.00,48.97700,3.1937048
10.00,2.00,51.41600,3.1936197
10.00,2.00,53.85400,3.1935357
10.00,2.00,56.28100,3.1934517
10.00,2.00,58.71100,3.1933687
10.00,3.00,1.14900,3.1932793
10.00,3.00,3.58700,3.1931996
10.00,3.00,6.02300,3.1931048
10.00,3.00,8.45800,3.1930218
10.00,3.00,10.90300,3.1929346
10.00,3.00,13.34300,3.1928473
10.00,3.00,15.78300,3.1927536
10.00,3.00,18.22300,3.1926717
10.00,3.00,20.65500,3.1925845
10.00,3.00,23.08500,3.1924929
10.00,3.00,25.53200,3.1924045
10.00,3.00,27.97100,3.1923194
10.00,3.00,30.40200,3.1922203
10.00,3.00,32.83700,3.1921385
10.00,3.00,35.28000,3.1920469
10.00,3.00,37.72100,3.1919618
10.00,3.00,40.16700,3.1918659
10.00,3.00,42.60700,3.1917765
10.00,3.00,45.03700,3.1916828
10.00,3.00,47.47000,3.191588
10.00,3.00,49.91000,3.1915029
10.00,3.00,52.35000,3.1914134
10.00,3.00,54.79300,3.1913229
10.00,3.00,57.23100,3.1912281
10.00,3.00,59.67000,3.1911376
10.00,4.00,2.11100,3.1910439
10.00,4.00,4.55400,3.1909556
10.00,4.00,6.98700,3.1908597
10.00,4.00,9.42100,3.1907681
10.00,4.00,11.86300,3.1906863
10.00,4.00,14.30200,3.1905818
10.00,4.00,16.74300,3.1904945
10.00,4.00,19.18200,3.1903954
10.00,4.00,21.61300,3.1903038
10.00,4.00,24.04800,3.1902101
10.00,4.00,26.48700,3.1901067
10.00,4.00,28.92900,3.1900162
10.00,4.00,31.36800,3.1899171
10.00,4.00,33.81800,3.1898233
10.00,4.00,36.26200,3.1897307
10.00,4.00,38.68700,3.1896381
10.00,4.00,41.12900,3.1895325
10.00,4.00,43.57200,3.1894355
10.00,4.00,46.00200,3.1893386
10.00,4.00,48.44100,3.1892438
10.00,4.00,50.87100,3.1891468
10.00,4.00,53.31000,3.1890574
10.00,4.00,55.74300,3.1889615
10.00,4.00,58.18200,3.1888656
10.00,5.00,0.61200,3.1887687
10.00,5.00,3.05000,3.1886631
10.00,5.00,5.49100,3.1885694
10.00,5.00,7.94800,3.1884681
10.00,5.00,10.38800,3.1883679
10.00,5.00,12.82700,3.188271
10.00,5.00,15.26400,3.1881665
10.00,5.00,17.70600,3.188076
10.00,5.00,20.14000,3.1879736
10.00,5.00,22.57800,3.1878681
10.00,5.00,25.01900,3.1877679
10.00,5.00,27.45000,3.1876666
10.00,5.00,29.88500,3.1875643
10.00,5.00,32.32600,3.1874619
10.00,5.00,34.76400,3.1873617
10.00,5.00,37.20200,3.1872637
10.00,5.00,39.63700,3.1871549
10.00,5.00,42.07400,3.1870504
10.00,5.00,44.51700,3.1869524
10.00,5.00,46.95000,3.1868489
10.00,5.00,49.39500,3.1867369
10.00,5.00,51.83400,3.1866367
10.00,5.00,54.28600,3.1865333
10.00,5.00,56.72600,3.1864266
10.00,5.00,59.17100,3.1863286
10.00,6.00,1.61500,3.1862209
10.00,6.00,4.05600,3.186111
10.00,6.00,6.49700,3.1860086
10.00,6.00,8.93900,3.1858966
10.00,6.00,11.37900,3.1857932
10.00,6.00,13.81700,3.1856844
10.00,6.00,16.25800,3.1855842
10.00,6.00,18.70500,3.1854808
10.00,6.00,21.14600,3.1853698
10.00,6.00,23.57800,3.1852599
10.00,6.00,26.01800,3.1851533
10.00,6.00,28.46200,3.1850391
10.00,6.00,30.89700,3.1849346
10.00,6.00,33.33600,3.1848225
10.00,6.00,35.78700,3.1847191
10.00,6.00,38.22700,3.1846092
10.00,6.00,40.67500,3.1844983
10.00,6.00,43.10600,3.1843906
10.00,6.00,45.55000,3.1842839
10.00,6.00,47.98700,3.1841751
10.00,6.00,50.42700,3.1840631
10.00,6.00,52.86200,3.1839564
10.00,6.00,55.30600,3.1838411
10.00,6.00,57.74800,3.1837388
10.00,7.00,0.18700,3.183616
10.00,7.00,2.62800,3.1835093
10.00,7.00,5.05800,3.1833984
10.00,7.00,7.49500,3.1832896
10.00,7.00,9.93500,3.1831732
10.00,7.00,12.37800,3.1830601
10.00,7.00,14.81400,3.1829491
10.00,7.00,17.25300,3.1828349
10.00,7.00,19.68500,3.1827261
10.00,7.00,22.12500,3.1826119
10.00,7.00,24.56400,3.1824913
10.00,7.00,27.00100,3.182376
10.00,7.00,29.44500,3.1822694
10.00,7.00,31.88300,3.1821552
10.00,7.00,34.32100,3.182042
10.00,7.00,36.75400,3.1819268
10.00,7.00,39.19100,3.1818104
10.00,7.00,41.62300,3.1816952
10.00,7.00,44.06200,3.181581
10.00,7.00,46.50200,3.1814689
10.00,7.00,48.93400,3.1813461
10.00,7.00,51.38900,3.1812341
10.00,7.00,53.83300,3.1811156
10.00,7.00,56.27400,3.1810014
10.00,7.00,58.71400,3.1808796
10.00,8.00,1.15200,3.1807568
10.00,8.00,3.59300,3.1806491
10.00,8.00,6.02400,3.1805317
10.00,8.00,8.47300,3.1804143
10.00,8.00,10.92300,3.1802979
10.00,8.00,13.36100,3.1801837
10.00,8.00,15.80000,3.1800587
10.00,8.00,18.23200,3.1799402
10.00,8.00,20.67000,3.1798261
10.00,8.00,23.11100,3.1797086
10.00,8.00,25.55100,3.1795869
10.00,8.00,27.99300,3.1794705
10.00,8.00,30.44200,3.1793499
10.00,8.00,32.88100,3.1792357
10.00,8.00,35.31600,3.1791161
10.00,8.00,37.75400,3.1789976
10.00,8.00,40.19100,3.1788802
10.00,8.00,42.63300,3.1787617
10.00,8.00,45.07400,3.178641
10.00,8.00,47.50600,3.1785279
10.00,8.00,49.95500,3.1784073
10.00,8.00,52.39500,3.1782834
10.00,8.00,54.83300,3.1781702
10.00,8.00,57.26500,3.1780474
10.00,8.00,59.68900,3.1779322
10.00,9.00,2.12700,3.1778147
10.00,9.00,4.57600,3.177693
10.00,9.00,7.01500,3.177567
10.00,9.00,9.46100,3.1774506
10.00,9.00,11.91100,3.1773332
10.00,9.00,14.33900,3.1772147
10.00,9.00,16.77100,3.1770908
10.00,9.00,19.21700,3.1769723
10.00,9.00,21.64700,3.1768516
10.00,9.00,24.08500,3.1767321
10.00,9.00,26.53000,3.1766146
10.00,9.00,28.95800,3.1764907
10.00,9.00,31.40100,3.1763787
10.00,9.00,33.84100,3.1762505
10.00,9.00,36.27800,3.1761352
10.00,9.00,38.70900,3.1760113
10.00,9.00,41.14500,3.1758885
10.00,9.00,43.58500,3.1757657
10.00,9.00,46.02300,3.1756429
10.00,9.00,48.46300,3.1755287
10.00,9.00,50.90500,3.1754038
10.00,9.00,53.34100,3.175282
10.00,9.00,55.77700,3.1751614
10.00,9.00,58.22300,3.1750482
10.00,10.00,0.65700,3.1749168
10.00,10.00,3.08800,3.1748015
10.00,10.00,5.54000,3.174683
10.00,10.00,7.98200,3.1745495
10.00,10.00,10.40700,3.1744353
10.00,10.00,12.85400,3.1743125
10.00,10.00,15.29400,3.1741853
10.00,10.00,17.72400,3.1740679
10.00,10.00,20.17300,3.1739365
10.00,10.00,22.61200,3.1738244
10.00,10.00,25.04300,3.1737049
10.00,10.00,27.47400,3.1735831
10.00,10.00,29.91400,3.1734635
10.00,10.00,32.35400,3.1733418
10.00,10.00,34.79300,3.1732255
10.00,10.00,37.23400,3.1730951
10.00,10.00,39.67300,3.1729745
10.00,10.00,42.11500,3.1728484
10.00,10.00,44.54400,3.1727213
10.00,10.00,46.98400,3.1726028
10.00,10.00,49.42900,3.1724821
10.00,10.00,51.87200,3.1723572
10.00,10.00,54.32300,3.1722247
10.00,10.00,56.75600,3.1721051
10.00,10.00,59.18700,3.1719877
10.00,11.00,1.62900,3.1718702
10.00,11.00,4.05900,3.1717517
10.00,11.00,6.49700,3.1716192
10.00,11.00,8.92900,3.1714953
10.00,11.00,11.37100,3.1713693
10.00,11.00,13.81000,3.1712443
10.00,11.00,16.24000,3.1711204
10.00,11.00,18.67900,3.1709944
10.00,11.00,21.13300,3.1708597
10.00,11.00,23.57300,3.1707401
10.00,11.00,26.00400,3.1706163
10.00,11.00,28.43700,3.1704934
10.00,11.00,30.87100,3.1703652
10.00,11.00,33.31200,3.1702403
10.00,11.00,35.75100,3.1701196
10.00,11.00,38.19200,3.1699871
10.00,11.00,40.63600,3.1698686
10.00,11.00,43.06700,3.1697404
10.00,11.00,45.50500,3.1696144
10.00,11.00,47.94400,3.169484
10.00,11.00,50.38400,3.169358
10.00,11.00,52.81500,3.169233
10.00,11.00,55.25700,3.1691016
10.00,11.00,57.70000,3.1689755
10.00,12.00,0.13100,3.1688441
10.00,12.00,2.57900,3.1687191
10.00,12.00,5.01700,3.1685931
10.00,12.00,7.45400,3.1684627
10.00,12.00,9.89400,3.1683324
10.00,12.00,12.32700,3.1681999
10.00,12.00,14.76600,3.1680738
10.00,12.00,17.19900,3.1679489
10.00,12.00,19.64000,3.1678164
10.00,12.00,22.07000,3.1676849
10.00,12.00,24.51400,3.1675524
10.00,12.00,26.94900,3.1674242
10.00,12.00,29.37900,3.1672896
10.00,12.00,31.80800,3.1671581
10.00,12.00,34.24700,3.1670235
10.00,12.00,36.68500,3.1668985
10.00,12.00,39.12700,3.166752
10.00,12.00,41.56800,3.16664
10.00,12.00,44.00500,3.1664999
10.00,12.00,46.45400,3.1663717
10.00,12.00,48.89500,3.166236
10.00,12.00,51.33200,3.166111
10.00,12.00,53.77400,3.1659677
10.00,12.00,56.21600,3.165832
10.00,12.00,58.65700,3.1657016
10.00,13.00,1.09000,3.1655573
10.00,13.00,3.53400,3.1654248
10.00,13.00,5.97500,3.1652847
10.00,13.00,8.41600,3.1651479
10.00,13.00,10.85600,3.1650122
10.00,13.00,13.29600,3.1648753
10.00,13.00,15.74100,3.1647418
10.00,13.00,18.17900,3.1646017
10.00,13.00,20.61000,3.1644595
10.00,13.00,23.04700,3.1643205
10.00,13.00,25.48900,3.1641826
10.00,13.00,27.92700,3.1640437
10.00,13.00,30.35700,3.1639026
10.00,13.00,32.79500,3.1637679
10.00,13.00,35.23700,3.1636203
10.00,13.00,37.67000,3.1634759
10.00,13.00,40.10500,3.1633316
10.00,13.00,42.55100,3.1631915
10.00,13.00,44.99100,3.1630461
10.00,13.00,47.42500,3.1629028
10.00,13.00,49.86300,3.1627552
10.00,13.00,52.30600,3.1626184
10.00,13.00,54.74300,3.1624687
10.00,13.00,57.17200,3.1623275
10.00,13.00,59.61700,3.16218
10.00,14.00,2.06400,3.1620324
10.00,14.00,4.49000,3.1618815
10.00,14.00,6.93800,3.1617329
10.00,14.00,9.37300,3.1615853
10.00,14.00,11.81000,3.1614366
10.00,14.00,14.24900,3.1612923
10.00,14.00,16.69000,3.1611414
10.00,14.00,19.12500,3.1609928
10.00,14.00,21.56500,3.1608344
10.00,14.00,24.00200,3.1606782
10.00,14.00,26.44100,3.160522
10.00,14.00,28.87600,3.1603744
10.00,14.00,31.31300,3.1602139
10.00,14.00,33.75200,3.1600577
10.00,14.00,36.18500,3.1599079
10.00,14.00,38.62000,3.1597507
10.00,14.00,41.07300,3.1595955
10.00,14.00,43.51500,3.1594372
10.00,14.00,45.95000,3.1592799
10.00,14.00,48.39400,3.1591183
10.00,14.00,50.83700,3.1589535
10.00,14.00,53.27700,3.1587973
10.00,14.00,55.71500,3.1586292
10.00,14.00,58.14800,3.1584601
10.00,15.00,0.59700,3.1583006
10.00,15.00,3.03300,3.1581336
10.00,15.00,5.48000,3.1579677
10.00,15.00,7.92400,3.1578072
10.00,15.00,10.35800,3.1576413
10.00,15.00,12.79100,3.1574776
10.00,15.00,15.22800,3.1573052
10.00,15.00,17.67700,3.1571414
10.00,15.00,20.10700,3.1569755
10.00,15.00,22.54000,3.1568161
10.00,15.00,24.98700,3.1566405
10.00,15.00,27.42600,3.1564789
10.00,15.00,29.86700,3.156299
10.00,15.00,32.30900,3.1561288
10.00,15.00,34.75300,3.1559532
10.00,15.00,37.18200,3.1557873
10.00,15.00,39.62200,3.1556128
10.00,15.00,42.06600,3.1554393
10.00,15.00,44.51500,3.155268
10.00,15.00,46.95500,3.1550817
10.00,15.00,49.39700,3.1549093
10.00,15.00,51.84500,3.1547326
10.00,15.00,54.28600,3.1545559
10.00,15.00,56.73400,3.1543771
10.00,15.00,59.17600,3.154195
10.00,16.00,1.60300,3.1540108
10.00,16.00,4.03800,3.1538331
10.00,16.00,6.47900,3.1536564
10.00,16.00,8.92900,3.1534646
10.00,16.00,11.36100,3.1532793
10.00,16.00,13.79800,3.1530962
10.00,16.00,16.23800,3.1529098
10.00,16.00,18.66900,3.1527288
10.00,16.00,21.10100,3.1525328
10.00,16.00,23.54100,3.1523453
10.00,16.00,25.98300,3.1521579
10.00,16.00,28.42800,3.1519672
10.00,16.00,30.85900,3.1517797
10.00,16.00,33.30000,3.1515923
10.00,16.00,35.73800,3.1513995
10.00,16.00,38.17000,3.1512088
10.00,16.00,40.61500,3.1510149
10.00,16.00,43.04000,3.1508253
10.00,16.00,45.48800,3.1506367
10.00,16.00,47.93100,3.1504439
10.00,16.00,50.37100,3.1502478
10.00,16.00,52.80900,3.1500539
10.00,16.00,55.23800,3.1498535
10.00,16.00,57.67200,3.149651
10.00,17.00,0.11200,3.1494571
10.00,17.00,2.55000,3.1492632
10.00,17.00,4.99300,3.149066
10.00,17.00,7.43800,3.1488689
10.00,17.00,9.88200,3.1486631
10.00,17.00,12.32000,3.1484628
10.00,17.00,14.75500,3.1482635
10.00,17.00,17.19200,3.1480695
10.00,17.00,19.64000,3.1478584
10.00,17.00,22.08000,3.1476602
10.00,17.00,24.52100,3.1474555
10.00,17.00,26.96500,3.1472562
10.00,17.00,29.40400,3.1470483
10.00,17.00,31.83600,3.1468511
10.00,17.00,34.27500,3.1466411
10.00,17.00,36.71500,3.1464418
10.00,17.00,39.16200,3.146236
10.00,17.00,41.59500,3.1460324
10.00,17.00,44.03500,3.1458266
10.00,17.00,46.48500,3.1456217
10.00,17.00,48.92100,3.145416
10.00,17.00,51.36100,3.1452124
10.00,17.00,53.80300,3.1450077
10.00,17.00,56.23500,3.1448008
10.00,17.00,58.67700,3.1445897
10.00,18.00,1.10800,3.1443828
10.00,18.00,3.54600,3.1441782
10.00,18.00,5.99800,3.1439692
10.00,18.00,8.42300,3.1437623
10.00,18.00,10.85900,3.143549
10.00,18.00,13.29200,3.1433433
10.00,18.00,15.73200,3.1431418
10.00,18.00,18.17000,3.142922
10.00,18.00,20.61200,3.1427217
10.00,18.00,23.04800,3.1425116
10.00,18.00,25.49000,3.1422994
10.00,18.00,27.92000,3.1420914
10.00,18.00,30.35600,3.1418846
10.00,18.00,32.78900,3.1416756
10.00,18.00,35.23200,3.141458
10.00,18.00,37.67300,3.1412576
10.00,18.00,40.11100,3.1410411
10.00,18.00,42.54800,3.1408342
10.00,18.00,44.99400,3.1406198
10.00,18.00,47.45300,3.1404119
10.00,18.00,49.89000,3.1401986
10.00,18.00,52.33000,3.1399864
10.00,18.00,54.75800,3.1397709
10.00,18.00,57.19000,3.1395738
10.00,18.00,59.64800,3.139354
10.00,19.00,2.07900,3.1391483
10.00,19.00,4.51700,3.138935
10.00,19.00,6.95100,3.1387292
10.00,19.00,9.38700,3.1385191
10.00,19.00,11.82600,3.1383058
10.00,19.00,14.26600,3.1381022
10.00,19.00,16.70800,3.1378835
10.00,19.00,19.14300,3.1376734
10.00,19.00,21.58000,3.1374612
10.00,19.00,24.01500,3.1372555
10.00,19.00,26.45300,3.1370486
10.00,19.00,28.89000,3.1368375
10.00,19.00,31.32800,3.1366285
10.00,19.00,33.77300,3.136413
10.00,19.00,36.21500,3.1362008
10.00,19.00,38.65600,3.1359907
10.00,19.00,41.08600,3.1357817
10.00,19.00,43.53000,3.1355716
10.00,19.00,45.96400,3.1353573
10.00,19.00,48.40800,3.1351558
10.00,19.00,50.84200,3.1349447
10.00,19.00,53.27900,3.1347303
10.00,19.00,55.71700,3.1345224
10.00,19.00,58.15500,3.1343091
10.00,20.00,0.58700,3.1340968
10.00,20.00,3.02900,3.1338921
10.00,20.00,5.46900,3.1336778
10.00,20.00,7.91900,3.1334666
10.00,20.00,10.36000,3.133249
10.00,20.00,12.79800,3.1330497
10.00,20.00,15.22800,3.1328407
10.00,20.00,17.66800,3.1326242
10.00,20.00,20.10600,3.1324087
10.00,20.00,22.54600,3.1321997
10.00,20.00,24.98500,3.1319907
10.00,20.00,27.41600,3.1317817
10.00,20.00,29.85400,3.1315555
10.00,20.00,32.29400,3.1313562
10.00,20.00,34.72800,3.131144
10.00,20.00,37.16100,3.1309307
10.00,20.00,39.58400,3.1307077
10.00,20.00,42.03300,3.1305008
10.00,20.00,44.47300,3.1302854
10.00,20.00,46.90600,3.1300699
10.00,20.00,49.33100,3.1298555
10.00,20.00,51.76300,3.1296444
10.00,20.00,54.20600,3.1294246
10.00,20.00,56.63700,3.1292048
10.00,20.00,59.07800,3.128998
10.00,21.00,1.51900,3.1287728
10.00,21.00,3.95600,3.1285498
10.00,21.00,6.39400,3.1283268
10.00,21.00,8.82400,3.1280974
10.00,21.00,11.26200,3.1278862
10.00,21.00,13.70600,3.1276611
10.00,21.00,16.13600,3.1274402
10.00,21.00,18.56400,3.1272194
10.00,21.00,21.01200,3.126991
10.00,21.00,23.45000,3.1267648
10.00,21.00,25.89400,3.1265374
10.00,21.00,28.34500,3.1263144
10.00,21.00,30.77800,3.1260818
10.00,21.00,33.21900,3.1258609
10.00,21.00,35.67300,3.1256271
10.00,21.00,38.11100,3.1253934
10.00,21.00,40.54400,3.1251467
10.00,21.00,42.98600,3.1249064
10.00,21.00,45.41500,3.1246748
10.00,21.00,47.85700,3.1244378
10.00,21.00,50.30700,3.1241965
10.00,21.00,52.73900,3.1239616
10.00,21.00,55.18000,3.1237322
10.00,21.00,57.61500,3.1234887
10.00,22.00,0.04700,3.1232506
10.00,22.00,2.48200,3.1230147
10.00,22.00,4.91900,3.1227734
10.00,22.00,7.36000,3.1225331
10.00,22.00,9.80700,3.1222864
10.00,22.00,12.24900,3.1220462
10.00,22.00,14.69000,3.1218017
10.00,22.00,17.13500,3.1215539
10.00,22.00,19.56900,3.1212996
10.00,22.00,22.01700,3.1210594
10.00,22.00,24.45000,3.1208095
10.00,22.00,26.88500,3.1205671
10.00,22.00,29.31400,3.1203128
10.00,22.00,31.75300,3.1200564
10.00,22.00,34.18400,3.1198011
10.00,22.00,36.62300,3.1195404
10.00,22.00,39.05700,3.1192765
10.00,22.00,41.50500,3.1190287
10.00,22.00,43.94500,3.1187626
10.00,22.00,46.39500,3.1184922
10.00,22.00,48.83100,3.1182304
10.00,22.00,51.26900,3.1179719
10.00,22.00,53.70700,3.1177047
10.00,22.00,56.14700,3.1174311
10.00,22.00,58.58400,3.1171617
10.00,23.00,1.02100,3.1168838
10.00,23.00,3.47100,3.1166134
10.00,23.00,5.90800,3.116343
10.00,23.00,8.34600,3.1160651
10.00,23.00,10.79600,3.115786
10.00,23.00,13.22200,3.1155167
10.00,23.00,15.67200,3.1152377
10.00,23.00,18.10800,3.1149511
10.00,23.00,20.54700,3.1146667
10.00,23.00,22.97800,3.1143834
10.00,23.00,25.43000,3.1141022
10.00,23.00,27.87300,3.1138211
10.00,23.00,30.31400,3.113528
10.00,23.00,32.74500,3.1132404
10.00,23.00,35.17800,3.1129517
10.00,23.00,37.61400,3.1126587
10.00,23.00,40.05800,3.1123635
10.00,23.00,42.49600,3.1120791
10.00,23.00,44.93900,3.1117753
10.00,23.00,47.38000,3.1114833
10.00,23.00,49.81500,3.1111881
10.00,23.00,52.25000,3.1108962
10.00,23.00,54.68400,3.1105967
10.00,23.00,57.12800,3.1102972
10.00,23.00,59.57000,3.1099934
10.00,24.00,2.00600,3.1096842
10.00,24.00,4.44700,3.1093848
10.00,24.00,6.88300,3.109082
10.00,24.00,9.33200,3.1087869
10.00,24.00,11.77300,3.1084798
10.00,24.00,14.20900,3.108175
10.00,24.00,16.65600,3.1078765
10.00,24.00,19.09600,3.1075684
10.00,24.00,21.53500,3.1072646
10.00,24.00,23.97100,3.1069576
10.00,24.00,26.40800,3.1066527
10.00,24.00,28.84500,3.1063446
10.00,24.00,31.28600,3.1060398
10.00,24.00,33.72300,3.1057381
10.00,24.00,36.16600,3.1054343
10.00,24.00,38.60200,3.1051284
10.00,24.00,41.03500,3.1048256
10.00,24.00,43.47900,3.1045197
10.00,24.00,45.91500,3.1042137
10.00,24.00,48.35600,3.1039099
10.00,24.00,50.80000,3.1036105
10.00,24.00,53.23700,3.1033045
10.00,24.00,55.67500,3.1029975
10.00,24.00,58.11200,3.1027023
10.00,25.00,0.55400,3.1023985
10.00,25.00,2.99700,3.1021065
10.00,25.00,5.43600,3.1018028
10.00,25.00,7.87500,3.1015076
10.00,25.00,10.30900,3.1012135
10.00,25.00,12.74800,3.1009194
10.00,25.00,15.18900,3.1006167
10.00,25.00,17.63300,3.1003258
10.00,25.00,20.06700,3.1000328
10.00,25.00,22.51300,3.0997419
10.00,25.00,24.94700,3.0994467
10.00,25.00,27.38800,3.099158
10.00,25.00,29.82800,3.098879
10.00,25.00,32.26900,3.0985859
10.00,25.00,34.71200,3.0983048
10.00,25.00,37.15300,3.0980182
10.00,25.00,39.60100,3.0977306
10.00,25.00,42.03600,3.0974494
10.00,25.00,44.47800,3.0971607
10.00,25.00,46.91100,3.096886
10.00,25.00,49.34900,3.0966059
10.00,25.00,51.78400,3.0963366
10.00,25.00,54.22500,3.0960543
10.00,25.00,56.66400,3.0957785
10.00,25.00,59.11000,3.095506
10.00,26.00,1.55000,3.0952269
10.00,26.00,3.99300,3.0949533
10.00,26.00,6.43000,3.0946948
10.00,26.00,8.86600,3.09442
10.00,26.00,11.30700,3.094154
10.00,26.00,13.74700,3.0938814
10.00,26.00,16.18700,3.0936099
10.00,26.00,18.63100,3.0933503
10.00,26.00,21.06500,3.0930745
10.00,26.00,23.50300,3.0928138
10.00,26.00,25.94500,3.0925466
10.00,26.00,28.39400,3.0922784
10.00,26.00,30.83000,3.0920177
10.00,26.00,33.27100,3.0917548
10.00,26.00,35.71800,3.0914887
10.00,26.00,38.15100,3.0912269
10.00,26.00,40.59500,3.0909673
10.00,26.00,43.03900,3.0906991
10.00,26.00,45.48200,3.0904341
10.00,26.00,47.92500,3.090169
10.00,26.00,50.37100,3.089904
10.00,26.00,52.80500,3.0896455
10.00,26.00,55.24600,3.089388
10.00,26.00,57.68000,3.0891176
10.00,27.00,0.11900,3.0888515
10.00,27.00,2.55900,3.0885854
10.00,27.00,4.99600,3.0883193
10.00,27.00,7.43400,3.08805
10.00,27.00,9.87500,3.0877861
10.00,27.00,12.31100,3.0875189
10.00,27.00,14.74700,3.0872571
10.00,27.00,17.18600,3.0869975
10.00,27.00,19.62900,3.0867195
10.00,27.00,22.06800,3.0864556
10.00,27.00,24.51000,3.0861809
10.00,27.00,26.95300,3.0859105
10.00,27.00,29.38900,3.0856455
10.00,27.00,31.82300,3.0853718
10.00,27.00,34.25800,3.0850982
10.00,27.00,36.69400,3.0848267
10.00,27.00,39.13200,3.0845466
10.00,27.00,41.57000,3.0842784
10.00,27.00,44.01200,3.0840005
10.00,27.00,46.46400,3.0837247
10.00,27.00,48.90400,3.0834489
10.00,27.00,51.35200,3.0831817
10.00,27.00,53.78900,3.0828919
10.00,27.00,56.22500,3.0826097
10.00,27.00,58.66900,3.0823263
10.00,28.00,1.11000,3.0820419
10.00,28.00,3.55000,3.0817618
10.00,28.00,5.99200,3.0814699
10.00,28.00,8.43500,3.0811855
10.00,28.00,10.88000,3.0808914
10.00,28.00,13.31600,3.0806059
10.00,28.00,15.75500,3.0803139
10.00,28.00,18.19400,3.0800069
10.00,28.00,20.63400,3.0797257
10.00,28.00,23.09000,3.0794338
10.00,28.00,25.53000,3.0791322
10.00,28.00,27.96600,3.0788327
10.00,28.00,30.39900,3.0785246
10.00,28.00,32.83200,3.0782251
10.00,28.00,35.26700,3.0779256
10.00,28.00,37.70500,3.0776175
10.00,28.00,40.14600,3.0773094
10.00,28.00,42.58100,3.076998
10.00,28.00,45.02700,3.0766867
10.00,28.00,47.47800,3.0763775
10.00,28.00,49.92300,3.0760511
10.00,28.00,52.35900,3.0757398
10.00,28.00,54.79600,3.075409
10.00,28.00,57.24000,3.075088
10.00,28.00,59.68000,3.0747734
10.00,29.00,2.12600,3.0744405
10.00,29.00,4.56800,3.0741098
10.00,29.00,7.01300,3.0737758
10.00,29.00,9.45000,3.0734473
10.00,29.00,11.90200,3.0731208
10.00,29.00,14.34900,3.0727696
10.00,29.00,16.79100,3.0724314
10.00,29.00,19.23500,3.0720877
10.00,29.00,21.67300,3.0717473
10.00,29.00,24.11500,3.0714004
10.00,29.00,26.54800,3.0710524
10.00,29.00,28.98600,3.0706969
10.00,29.00,31.43200,3.0703414
10.00,29.00,33.87900,3.069987
10.00,29.00,36.32700,3.0696153
10.00,29.00,38.77600,3.0692587
10.00,29.00,41.22600,3.0688925
10.00,29.00,43.67000,3.0685294
10.00,29.00,46.10700,3.0681481
10.00,29.00,48.54200,3.0677807
10.00,29.00,50.99200,3.0673939
10.00,29.00,53.43800,3.067018
10.00,29.00,55.87200,3.0666334
10.00,29.00,58.31700,3.0662488
10.00,30.00,0.76400,3.0658491
10.00,30.00,3.19600,3.065458
10.00,30.00,5.64000,3.0650638
10.00,30.00,8.08700,3.0646641
10.00,30.00,10.53000,3.0642536
10.00,30.00,12.96600,3.0638529
10.00,30.00,15.40500,3.0634327
10.00,30.00,17.84000,3.0630234
10.00,30.00,20.28300,3.0625989
10.00,30.00,22.73000,3.0621766
10.00,30.00,25.17500,3.0617478
10.00,30.00,27.61700,3.0613169
10.00,30.00,30.05400,3.0608871
10.00,30.00,32.50300,3.0604379
10.00,30.00,34.94000,3.0600005
10.00,30.00,37.38700,3.0595534
10.00,30.00,39.83300,3.0590955
10.00,30.00,42.27700,3.0586345
10.00,30.00,44.72000,3.058168
10.00,30.00,47.16400,3.0577058
10.00,30.00,49.60000,3.0572372
10.00,30.00,52.04200,3.0567578
10.00,30.00,54.48300,3.0562763
10.00,30.00,56.92800,3.0557893
10.00,30.00,59.37000,3.0552981
10.00,31.00,1.81700,3.0547961
10.00,31.00,4.25700,3.0542983
10.00,31.00,6.69700,3.0537866
10.00,31.00,9.14200,3.0532771
10.00,31.00,11.57500,3.0527567
10.00,31.00,14.01400,3.0522235
10.00,31.00,16.44900,3.0516967
10.00,31.00,18.89000,3.051143
10.00,31.00,21.33600,3.0505968
10.00,31.00,23.78000,3.050043
10.00,31.00,26.22900,3.0494785
10.00,31.00,28.66600,3.0489065
10.00,31.00,31.11000,3.0483344
10.00,31.00,33.54800,3.0477559
10.00,31.00,35.99300,3.0471613
10.00,31.00,38.43200,3.0465655
10.00,31.00,40.86600,3.0459622
10.00,31.00,43.30100,3.045346
10.00,31.00,45.73800,3.0447255
10.00,31.00,48.17700,3.0441028
10.00,31.00,50.62300,3.0434586
10.00,31.00,53.06300,3.0428155
10.00,31.00,55.50800,3.0421508
10.00,31.00,57.94600,3.0414893
10.00,32.00,0.39000,3.0408103
10.00,32.00,2.82700,3.0401262
10.00,32.00,5.26600,3.0394249
10.00,32.00,7.70400,3.0387214
10.00,32.00,10.15300,3.0380029
10.00,32.00,12.58500,3.0372768
10.00,32.00,15.02400,3.0365421
10.00,32.00,17.45700,3.035789
10.00,32.00,19.89900,3.0350231
10.00,32.00,22.33700,3.0342485
10.00,32.00,24.78600,3.0334599
10.00,32.00,27.23000,3.0326724
10.00,32.00,29.66300,3.0318591
10.00,32.00,32.10200,3.0310425
10.00,32.00,34.53600,3.0302065
10.00,32.00,36.97300,3.0293608
10.00,32.00,39.41900,3.0284958
10.00,32.00,41.86700,3.0276145
10.00,32.00,44.30700,3.0267333
10.00,32.00,46.75100,3.0258219
10.00,32.00,49.19300,3.0249084
10.00,32.00,51.63200,3.0239765
10.00,32.00,54.07900,3.0230231
10.00,32.00,56.52000,3.0220643
10.00,32.00,58.97400,3.0210829
10.00,33.00,1.40900,3.0200961
10.00,33.00,3.84100,3.0190964
10.00,33.00,6.28300,3.0180772
10.00,33.00,8.72500,3.0170312
10.00,33.00,11.17000,3.0159722
10.00,33.00,13.61700,3.0149003
10.00,33.00,16.05900,3.0138004
10.00,33.00,18.49700,3.0126972
10.00,33.00,20.93100,3.0115736
10.00,33.00,23.36500,3.0104468
10.00,33.00,25.81000,3.00928
10.00,33.00,28.25400,3.0081133
10.00,33.00,30.69100,3.0069078
10.00,33.00,33.13200,3.005697
10.00,33.00,35.57000,3.0044645
10.00,33.00,38.01500,3.0032095
10.00,33.00,40.44800,3.0019469
10.00,33.00,42.88900,3.0006617
10.00,33.00,45.33700,2.999356
10.00,33.00,47.77900,2.9980352
10.00,33.00,50.21600,2.9966886
10.00,33.00,52.66700,2.9953345
10.00,33.00,55.12100,2.9939566
10.00,33.00,57.55500,2.9925852
10.00,33.00,59.99400,2.9911675
10.00,34.00,2.43000,2.9897196
10.00,34.00,4.87300,2.9882771
10.00,34.00,7.30800,2.9868184
10.00,34.00,9.75000,2.9853328
10.00,34.00,12.19000,2.9838365
10.00,34.00,14.63100,2.9823143
10.00,34.00,17.07400,2.9807673
10.00,34.00,19.51300,2.9792127
10.00,34.00,21.95000,2.9776442
10.00,34.00,24.39600,2.9760498
10.00,34.00,26.83800,2.9744403
10.00,34.00,29.27500,2.9728093
10.00,34.00,31.71200,2.9711686
10.00,34.00,34.15200,2.9694988
10.00,34.00,36.58900,2.9678257
10.00,34.00,39.03400,2.9661225
10.00,34.00,41.46900,2.9644129
10.00,34.00,43.91700,2.9626795
10.00,34.00,46.35400,2.9609246
10.00,34.00,48.79500,2.9591643
10.00,34.00,51.23600,2.9573717
10.00,34.00,53.67600,2.9555715
10.00,34.00,56.11700,2.9537659
10.00,34.00,58.57400,2.9519184
10.00,35.00,1.02100,2.9500622
10.00,35.00,3.46200,2.9481985
10.00,35.00,5.90000,2.9463121
10.00,35.00,8.34300,2.9444075
10.00,35.00,10.79300,2.9424867
10.00,35.00,13.23600,2.9405562
10.00,35.00,15.67300,2.9386009
10.00,35.00,18.11400,2.9366294
10.00,35.00,20.54800,2.93465
10.00,35.00,22.98800,2.9326484
10.00,35.00,25.43300,2.9306199
10.00,35.00,27.87000,2.9285892
10.00,35.00,30.31300,2.9265369
10.00,35.00,32.75000,2.9244685
10.00,35.00,35.19400,2.9223807
10.00,35.00,37.63400,2.9202875
10.00,35.00,40.07700,2.9181588
10.00,35.00,42.51900,2.916016
10.00,35.00,44.95700,2.9138615
10.00,35.00,47.39600,2.9116907
10.00,35.00,49.83300,2.9094952
10.00,35.00,52.26700,2.9072856
10.00,35.00,54.70000,2.9050664
10.00,35.00,57.14800,2.902817
10.00,35.00,59.58700,2.9005569
10.00,36.00,2.02700,2.8982892
10.00,36.00,4.46600,2.8959837
10.00,36.00,6.90700,2.8936611
10.00,36.00,9.34900,2.8913288
10.00,36.00,11.79200,2.8889673
10.00,36.00,14.22700,2.886593
10.00,36.00,16.66500,2.8842035
10.00,36.00,19.11200,2.8817839
10.00,36.00,21.55700,2.8793406
10.00,36.00,23.99900,2.8768833
10.00,36.00,26.44200,2.8744044
10.00,36.00,28.87900,2.8719137
10.00,36.00,31.32300,2.8693896
10.00,36.00,33.76300,2.8668548
10.00,36.00,36.20300,2.8642833
10.00,36.00,38.63900,2.8617085
10.00,36.00,41.08400,2.8590993
10.00,36.00,43.51700,2.8564707
10.00,36.00,45.95300,2.8538163
10.00,36.00,48.39800,2.8511359
10.00,36.00,50.84100,2.8484298
10.00,36.00,53.27900,2.8457172
10.00,36.00,55.71300,2.8429754
10.00,36.00,58.15800,2.8401992
10.00,37.00,0.59600,2.8374015
10.00,37.00,3.03800,2.834579
10.00,37.00,5.47100,2.8317306
10.00,37.00,7.90600,2.8288584
10.00,37.00,10.34200,2.8259647
10.00,37.00,12.78300,2.823041
10.00,37.00,15.22300,2.8200795
10.00,37.00,17.66600,2.8170911
10.00,37.00,20.10100,2.814079
10.00,37.00,22.54200,2.8110421
10.00,37.00,24.98200,2.8079761
10.00,37.00,27.42800,2.8048789
10.00,37.00,29.87500,2.8017418
10.00,37.00,32.31500,2.798581
10.00,37.00,34.75400,2.7953836
10.00,37.00,37.19900,2.7921625
10.00,37.00,39.63800,2.788895
10.00,37.00,42.07700,2.7855974
10.00,37.00,44.51600,2.7822707
10.00,37.00,46.96300,2.7789053
10.00,37.00,49.40100,2.7755139
10.00,37.00,51.84800,2.7720838
10.00,37.00,54.28500,2.7686214
10.00,37.00,56.72300,2.765131
10.00,37.00,59.16700,2.7615791
10.00,38.00,1.62100,2.7579907
10.00,38.00,4.05400,2.7543882
10.00,38.00,6.49000,2.7507426
10.00,38.00,8.92800,2.7470475
10.00,38.00,11.37500,2.7432985
10.00,38.00,13.80900,2.739528
10.00,38.00,16.24500,2.7357025
10.00,38.00,18.68700,2.7318361
10.00,38.00,21.13200,2.7279029
10.00,38.00,23.57000,2.7239413
10.00,38.00,26.00400,2.7199294
10.00,38.00,28.44500,2.7158616
10.00,38.00,30.88800,2.7117398
10.00,38.00,33.33400,2.7075685
10.00,38.00,35.77600,2.7033466
10.00,38.00,38.22500,2.6990676
10.00,38.00,40.66900,2.6947196
10.00,38.00,43.10400,2.6903404
10.00,38.00,45.54500,2.6858891
10.00,38.00,47.98900,2.6813623
10.00,38.00,50.43800,2.6767601
10.00,38.00,52.87700,2.6721191
10.00,38.00,55.32000,2.6673779
10.00,38.00,57.76700,2.6625742
10.00,39.00,0.20800,2.6577092
10.00,39.00,2.64900,2.6527655
10.00,39.00,5.08800,2.6477356
10.00,39.00,7.52700,2.6426238
10.00,39.00,9.97300,2.6374129
10.00,39.00,12.41300,2.6321202
10.00,39.00,14.85300,2.6267315
10.00,39.00,17.30000,2.6212425
10.00,39.00,19.73800,2.6156632
10.00,39.00,22.17300,2.6099902
10.00,39.00,24.61000,2.6041997
10.00,39.00,27.05400,2.5982821
10.00,39.00,29.50000,2.5922342
10.00,39.00,31.94400,2.5860828
10.00,39.00,34.38000,2.5798216
10.00,39.00,36.82400,2.5733999
10.00,39.00,39.26600,2.5668445
10.00,39.00,41.70600,2.5601653
10.00,39.00,44.14500,2.5533363
10.00,39.00,46.58800,2.546322
10.00,39.00,49.02900,2.5391397
10.00,39.00,51.47000,2.5317796
10.00,39.00,53.91500,2.5242192
10.00,39.00,56.36200,2.5234629
10.00,39.00,58.80000,2.5219224
10.00,40.00,1.23800,2.5206663
10.00,40.00,3.68600,2.5194909
10.00,40.00,6.13000,2.5184912
10.00,40.00,8.56700,2.5173611
10.00,40.00,11.02600,2.5164624
10.00,40.00,13.46400,2.5155822
10.00,40.00,15.90900,2.5147721
10.00,40.00,18.34900,2.5140643
10.00,40.00,20.79200,2.5133339
10.00,40.00,23.22700,2.5126143
10.00,40.00,25.66000,2.5119259
10.00,40.00,28.09700,2.5112709
10.00,40.00,30.54000,2.5103562
10.00,40.00,32.97900,2.5096646
10.00,40.00,35.42400,2.5091077
10.00,40.00,37.86000,2.5084914
10.00,40.00,40.30300,2.50783
10.00,40.00,42.74800,2.5072924
10.00,40.00,45.18200,2.506785
10.00,40.00,47.61800,2.5062496
10.00,40.00,50.05000,2.5058661