h,m,s,voltage (V)
10,48,48.327,2.5158461
10,48,50.764,2.5162997
10,48,53.192,2.5167514
10,48,55.627,2.5171941
10,48,58.067,2.5176358
10,49,0.504,2.5180721
10,49,2.94,2.5185041
10,49,5.376,2.5189297
10,49,7.812,2.5193541
10,49,10.26,2.5197753
10,49,12.703,2.5201912
10,49,15.141,2.5205984
10,49,17.574,2.5210035
10,49,20.021,2.5214074
10,49,22.447,2.521806
10,49,24.883,2.5222003
10,49,27.323,2.5225903
10,49,29.771,2.5229771
10,49,32.208,2.5233606
10,49,34.644,2.523743
10,49,37.079,2.5241158
10,49,39.508,2.5244874
10,49,41.953,2.5248591
10,49,44.38,2.5252264
10,49,46.829,2.5255884
10,49,49.267,2.5259482
10,49,51.706,2.5263037
10,49,54.144,2.5266592
10,49,56.587,2.5270104
10,49,59.027,2.5273563
10,50,1.457,2.5277021
10,50,3.883,2.5280382
10,50,6.317,2.5283765
10,50,8.748,2.653359
10,50,11.186,2.7052858
10,50,13.629,2.7431154
10,50,16.062,2.7738086
10,50,18.5,2.7992037
10,50,20.933,2.8209219
10,50,23.371,2.8398588
10,50,25.816,2.8569846
10,50,28.26,2.8726528
10,50,30.713,2.8871801
10,50,33.15,2.9006915
10,50,35.591,2.9133304
10,50,38.026,2.9252657
10,50,40.46,2.9365659
10,50,42.9,2.9472903
10,50,45.343,2.9574643
10,50,47.786,2.9672203
10,50,50.226,2.976512
10,50,52.666,2.9854363
10,50,55.096,2.9939771
10,50,57.542,3.0021882
10,50,59.982,3.0101139
10,51,2.424,3.017754
10,51,4.864,3.0251389
10,51,7.312,3.0322964
10,51,9.746,3.0392095
10,51,12.214,3.045973
10,51,14.655,3.0524788
10,51,17.088,3.0587917
10,51,19.526,3.0649291
10,51,21.964,3.0709027
10,51,24.405,3.0767255
10,51,26.844,3.0824114
10,51,29.284,3.0879412
10,51,31.718,3.0933428
10,51,34.158,3.0986237
10,51,36.595,3.1037839
10,51,39.029,3.1088278
10,51,41.467,3.1137403
10,51,43.911,3.1185805
10,51,46.353,3.1233271
10,51,48.79,3.1279422
10,51,51.223,3.1324712
10,51,53.649,3.1368827
10,51,56.087,3.1412274
10,51,58.526,3.1455118
10,52,0.968,3.1496941
10,52,3.403,3.1538137
10,52,5.851,3.1578535
10,52,8.284,3.1618094
10,52,10.723,3.1657006
10,52,13.156,3.1695282
10,52,15.597,3.1732783
10,52,18.034,3.176968
10,52,20.472,3.1805963
10,52,22.91,3.1841708
10,52,25.353,3.1876903
10,52,27.793,3.1911463
10,52,30.224,3.1945484
10,52,32.663,3.1978955
10,52,35.101,3.2011802
10,52,37.53,3.2044153
10,52,39.971,3.2075998
10,52,42.42,3.2107584
10,52,44.857,3.2138503
10,52,47.296,3.216899
10,52,49.734,3.2198939
10,52,52.162,3.2228651
10,52,54.626,3.2257899
10,52,57.056,3.2286652
10,52,59.504,3.2314964
10,53,1.937,3.2342779
10,53,4.377,3.2370218
10,53,6.815,3.2397334
10,53,9.259,3.2424029
10,53,11.699,3.2450336
10,53,14.129,3.2476202
10,53,16.576,3.2501723
10,53,19.014,3.2526882
10,53,21.452,3.2551585
10,53,23.897,3.2576147
10,53,26.335,3.2600063
10,53,28.767,3.2623742
10,53,31.196,3.2646925
10,53,33.632,3.266971
10,53,36.071,3.2692355
10,53,38.506,3.2714396
10,53,40.936,3.2736136
10,53,43.379,3.2757542
10,53,45.817,3.2778517
10,53,48.256,3.2799158
10,53,50.706,3.2819379
10,53,53.154,3.2839212
10,53,55.597,3.285842
10,53,58.044,3.2877154
10,54,0.489,3.2895306
10,54,2.924,3.291278
10,54,5.362,3.2929489
10,54,7.804,3.294553
10,54,10.236,3.2960569
10,54,12.675,3.297452
10,54,15.117,3.2987447
10,54,17.558,3.2999158
10,54,19.982,3.3009586
10,54,22.418,3.3018872
10,54,24.857,3.3027006
10,54,27.298,3.3034181
10,54,29.723,3.3040429
10,54,32.16,3.304588
10,54,34.599,3.3050588
10,54,37.042,3.3054811
10,54,39.485,3.3058484
10,54,41.935,3.3061835
10,54,44.374,3.3064743
10,54,46.813,3.3067491
10,54,49.257,3.3069839
10,54,51.715,3.3072144
10,54,54.154,3.3074288
10,54,56.593,3.307626
10,54,59.046,3.3078113
10,55,1.482,3.3079922
10,55,3.921,3.308156
10,55,6.359,3.3083251
10,55,8.798,3.3084803
10,55,11.242,3.3086343
10,55,13.682,3.3087819
10,55,16.114,3.3089317
10,55,18.561,3.3090846
10,55,20.99,3.3092268
10,55,23.42,3.3093755
10,55,25.862,3.3095231
10,55,28.312,3.3096642
10,55,30.746,3.3098096
10,55,33.184,3.309968
10,55,35.631,3.3100973
10,55,38.062,3.310246
10,55,40.503,3.3104
10,55,42.944,3.310553
10,55,45.395,3.3107038
10,55,47.833,3.3108546
10,55,50.273,3.3110087
10,55,52.712,3.3111681
10,55,55.155,3.3113308
10,55,57.596,3.3114881
10,56,0.033,3.3116497
10,56,2.479,3.3118123
10,56,4.909,3.3119761
10,56,7.348,3.3121495
10,56,9.79,3.3123176
10,56,12.241,3.3124921
10,56,14.688,3.3126634
10,56,17.119,3.3128422
10,56,19.568,3.3130168
10,56,22.021,3.3132031
10,56,24.451,3.3133873
10,56,26.891,3.3135726
10,56,29.331,3.3137622
10,56,31.769,3.3139562
10,56,34.196,3.3141511
10,56,36.634,3.3143494
10,56,39.072,3.3145508
10,56,41.513,3.3147523
10,56,43.962,3.3149483
10,56,46.402,3.3151638
10,56,48.839,3.3153836
10,56,51.272,3.3155936
10,56,53.707,3.3158145
10,56,56.137,3.3160375
10,56,58.562,3.3162616
10,57,1,3.3164878
10,57,3.439,3.3167205
10,57,5.877,3.3169532
10,57,8.313,3.3171934
10,57,10.747,3.3174315
10,57,13.18,3.3176804
10,57,15.62,3.3179238
10,57,18.053,3.3181781
10,57,20.49,3.3184334
10,57,22.928,3.3187038
10,57,25.369,3.3189623
10,57,27.818,3.3192306
10,57,30.256,3.3194999
10,57,32.689,3.3197714
10,57,35.126,3.3200633
10,57,37.551,3.3203413
10,57,39.989,3.3206246
10,57,42.433,3.3209176
10,57,44.872,3.321216
10,57,47.311,3.3215177
10,57,49.75,3.3218236
10,57,52.194,3.3221274
10,57,54.643,3.3224496
10,57,57.089,3.3227663
10,57,59.527,3.3230852
10,58,1.955,3.3234127
10,58,4.395,3.3237423
10,58,6.839,3.3240849
10,58,9.283,3.3244221
10,58,11.714,3.32477
10,58,14.143,3.3251115
10,58,16.578,3.3254627
10,58,19.015,3.3258107
10,58,21.464,3.3261781
10,58,23.9,3.3265357
10,58,26.345,3.3269085
10,58,28.783,3.3272823
10,58,31.217,3.3276518
10,58,33.657,3.328031
10,58,36.091,3.3284188
10,58,38.532,3.3287991
10,58,40.976,3.329188
10,58,43.407,3.329578
10,58,45.845,3.3299777
10,58,48.287,3.3303687
10,58,50.723,3.330776
10,58,53.152,3.3311767
10,58,55.59,3.3315732
10,58,58.034,3.3319836
10,59,0.464,3.3324016
10,59,2.904,3.3328164
10,59,5.342,3.3332225
10,59,7.792,3.3336426
10,59,10.226,3.3340585
10,59,12.664,3.3344872
10,59,15.103,3.3349052
10,59,17.549,3.3353275
10,59,19.99,3.3357498
10,59,22.427,3.3361786
10,59,24.865,3.3366063
10,59,27.314,3.3370415
10,59,29.754,3.3374638
10,59,32.194,3.3378947
10,59,34.624,3.3383289
10,59,37.074,3.3387533
10,59,39.503,3.3391896
10,59,41.941,3.3396173
10,59,44.376,3.340045
10,59,46.815,3.3404824
10,59,49.255,3.3409176
10,59,51.686,3.3413453
10,59,54.126,3.3417762
10,59,56.565,3.3422104
10,59,58.999,3.3426424
11,0,1.437,3.3430754
11,0,3.876,3.343501
11,0,6.314,3.343933
11,0,8.749,3.3443585
11,0,11.178,3.3447916
11,0,13.607,3.3452117
11,0,16.046,3.3456372
11,0,18.498,3.3460649
11,0,20.939,3.3464926
11,0,23.378,3.3469182
11,0,25.816,3.3473308
11,0,28.255,3.3477595
11,0,30.697,3.3481775
11,0,33.135,3.348589
11,0,35.566,3.3489995
11,0,38.014,3.3494078
11,0,40.453,3.3498204
11,0,42.907,3.3502384
11,0,45.331,3.3506424
11,0,47.769,3.3510431
11,0,50.209,3.3514428
11,0,52.647,3.3518457
11,0,55.087,3.3522443
11,0,57.519,3.3526321
11,0,59.959,3.3530286
11,1,2.399,3.3534207
11,1,4.844,3.3538107
11,1,7.282,3.3541996
11,1,9.722,3.3545756
11,1,12.149,3.3549559
11,1,14.584,3.3553372
11,1,17.026,3.3557027
11,1,19.476,3.3560776
11,1,21.915,3.3564471
11,1,24.356,3.3568145
11,1,26.789,3.3571754
11,1,29.227,3.357532
11,1,31.678,3.3578853
11,1,34.11,3.3582354
11,1,36.559,3.3585813
11,1,39.001,3.358926
11,1,41.441,3.3592718
11,1,43.881,3.3596068
11,1,46.317,3.359944
11,1,48.767,3.3602715
11,1,51.195,3.3606023
11,1,53.626,3.3609254
11,1,56.065,3.3612465
11,1,58.505,3.3615707
11,2,0.965,3.3618875
11,2,3.422,3.3622107
11,2,5.861,3.3625231
11,2,8.301,3.3628312
11,2,10.727,3.3631393
11,2,13.153,3.3634452
11,2,15.59,3.3637436
11,2,18.039,3.3640442
11,2,20.463,3.3643502
11,2,22.896,3.3646561
11,2,25.35,3.3649588
11,2,27.789,3.3652572
11,2,30.222,3.3655557
11,2,32.663,3.3658595
11,2,35.12,3.3661546
11,2,37.562,3.3664574
11,2,40.01,3.3667558
11,2,42.45,3.3670585
11,2,44.889,3.3673526
11,2,47.329,3.3676532
11,2,49.767,3.3679516
11,2,52.208,3.3682511
11,2,54.65,3.3685527
11,2,57.089,3.3688554
11,2,59.545,3.3691495
11,3,1.981,3.3694468
11,3,4.434,3.3697506
11,3,6.865,3.3700544
11,3,9.293,3.3703615
11,3,11.736,3.3706642
11,3,14.177,3.3709691
11,3,16.608,3.3712729
11,3,19.043,3.371581
11,3,21.477,3.3718912
11,3,23.917,3.3721972
11,3,26.355,3.3724999
11,3,28.809,3.3728145
11,3,31.248,3.373128
11,3,33.679,3.3734339
11,3,36.111,3.3737431
11,3,38.544,3.3740544
11,3,40.989,3.3743625
11,3,43.428,3.3746782
11,3,45.876,3.3749928
11,3,48.32,3.3753052
11,3,50.759,3.3756133
11,3,53.198,3.3759203
11,3,55.642,3.3762317
11,3,58.077,3.3765355
11,4,0.519,3.3768436
11,4,2.953,3.3771571
11,4,5.391,3.3774565
11,4,7.832,3.3777646
11,4,10.266,3.3780674
11,4,12.709,3.378369
11,4,15.14,3.3786663
11,4,17.598,3.3789648
11,4,20.038,3.3792589
11,4,22.48,3.379554
11,4,24.921,3.3798374
11,4,27.359,3.3801282
11,4,29.794,3.3804083
11,4,32.239,3.3806938
11,4,34.67,3.380975
11,4,37.115,3.3812465
11,4,39.545,3.3815147
11,4,41.988,3.3817862
11,4,44.43,3.3820469
11,4,46.877,3.3823044
11,4,49.319,3.3825651
11,4,51.756,3.382815
11,4,54.195,3.3830692
11,4,56.634,3.3833095
11,4,59.075,3.383554
11,5,1.521,3.3837921
11,5,3.957,3.3840227
11,5,6.386,3.38425
11,5,8.828,3.3844837
11,5,11.266,3.3847057
11,5,13.696,3.3849265
11,5,16.13,3.3851441
11,5,18.577,3.3853585
11,5,21.026,3.3855686
11,5,23.466,3.38577
11,5,25.904,3.3859747
11,5,28.358,3.3861772
11,5,30.798,3.3863755
11,5,33.238,3.3865705
11,5,35.677,3.3867547
11,5,38.115,3.3869507
11,5,40.561,3.3871328
11,5,42.998,3.3873159
11,5,45.429,3.3875002
11,5,47.863,3.3876779
11,5,50.3,3.3878557
11,5,52.741,3.3880302
11,5,55.188,3.3881993
11,5,57.642,3.3883749
11,6,0.089,3.3885505
11,6,2.532,3.3887197
11,6,4.962,3.3888866
11,6,7.384,3.3890461
11,6,9.821,3.3892055
11,6,12.257,3.389366
11,6,14.696,3.3895222
11,6,17.137,3.3896763
11,6,19.569,3.3898314
11,6,22.019,3.3899855
11,6,24.45,3.3901341
11,6,26.891,3.3902893
11,6,29.327,3.3904423
11,6,31.768,3.3905855
11,6,34.198,3.3907331
11,6,36.646,3.3908775
11,6,39.074,3.3910197
11,6,41.515,3.3911619
11,6,43.955,3.3913062
11,6,46.393,3.3914334
11,6,48.843,3.3915702
11,6,51.269,3.3917059
11,6,53.707,3.3918374
11,6,56.147,3.3919645
11,6,58.594,3.3920937
11,7,1.027,3.3922209
11,7,3.463,3.3923458
11,7,5.914,3.3924633
11,7,8.362,3.3925904
11,7,10.802,3.3927057
11,7,13.245,3.3928177
11,7,15.686,3.3929287
11,7,18.123,3.3930439
11,7,20.561,3.3931527
11,7,23.001,3.3932658
11,7,25.435,3.3933671
11,7,27.872,3.3934684
11,7,30.312,3.3935686
11,7,32.745,3.3936763
11,7,35.177,3.3937689
11,7,37.628,3.3938605
11,7,40.067,3.393951
11,7,42.506,3.3940426
11,7,44.936,3.3941341
11,7,47.376,3.3942128
11,7,49.809,3.3943022
11,7,52.255,3.3943787
11,7,54.692,3.3944573
11,7,57.137,3.3945424
11,7,59.571,3.3946157
11,8,2.009,3.3946943
11,8,4.446,3.3947536
11,8,6.885,3.3948258
11,8,9.323,3.3948958
11,8,11.755,3.3949637
11,8,14.198,3.3950261
11,8,16.629,3.3950919
11,8,19.069,3.3951457
11,8,21.492,3.3952061
11,8,23.928,3.3952599
11,8,26.357,3.3953192
11,8,28.805,3.3953687
11,8,31.255,3.3954226
11,8,33.688,3.3954732
11,8,36.136,3.3955163
11,8,38.565,3.3955669
11,8,41.012,3.3956111
11,8,43.45,3.3956553
11,8,45.881,3.3956962
11,8,48.322,3.3957328
11,8,50.754,3.3957749
11,8,53.192,3.395818
11,8,55.631,3.3958481
11,8,58.065,3.3958869
11,9,0.496,3.3959203
11,9,2.937,3.3959548
11,9,5.375,3.395986
11,9,7.814,3.3960237
11,9,10.253,3.3960485
11,9,12.686,3.3960873
11,9,15.128,3.3961056
11,9,17.575,3.396139
11,9,20.012,3.3961627
11,9,22.451,3.3961918
11,9,24.882,3.3962069
11,9,27.311,3.3962403
11,9,29.749,3.3962564
11,9,32.183,3.3962844
11,9,34.614,3.3963027
11,9,37.038,3.3963243
11,9,39.478,3.3963448
11,9,41.925,3.3963674
11,9,44.359,3.3963846
11,9,46.804,3.3964008
11,9,49.251,3.396418
11,9,51.69,3.3964406
11,9,54.131,3.3964568
11,9,56.561,3.3964751
11,9,59.005,3.396488
11,10,1.439,3.3965042
11,10,3.87,3.3965193
11,10,6.319,3.3965344
11,10,8.765,3.3965484
11,10,11.209,3.3965624
11,10,13.649,3.3965774
11,10,16.082,3.3965925
11,10,18.52,3.3966065
11,10,20.959,3.3966162
11,10,23.398,3.3966356
11,10,25.831,3.3966496
11,10,28.268,3.3966582
11,10,30.703,3.3966712
11,10,33.134,3.3966873
11,10,35.574,3.396697
11,10,38.012,3.396711
11,10,40.448,3.3967218
11,10,42.9,3.3967293
11,10,45.34,3.3967444
11,10,47.79,3.396752
11,10,50.229,3.3967574
11,10,52.666,3.3967767
11,10,55.119,3.3967864
11,10,57.554,3.3967951
11,10,59.99,3.396808
11,11,2.421,3.3968188
11,11,4.86,3.3968274
11,11,7.298,3.3968435
11,11,9.726,3.3968554
11,11,12.174,3.3968716
11,11,14.605,3.3968856
11,11,17.047,3.3968974
11,11,19.488,3.3969028
11,11,21.924,3.3969168
11,11,24.359,3.3969254
11,11,26.797,3.3969448
11,11,29.237,3.3969502
11,11,31.669,3.3969631
11,11,34.108,3.3969739
11,11,36.549,3.396989
11,11,38.987,3.3969997
11,11,41.418,3.3970116
11,11,43.87,3.3970256
11,11,46.324,3.3970407
11,11,48.763,3.3970482
11,11,51.204,3.3970622
11,11,53.638,3.3970773
11,11,56.081,3.3970881
11,11,58.521,3.3970999
11,12,0.95,3.3971118
11,12,3.373,3.3971236
11,12,5.831,3.3971301
11,12,8.271,3.3971484
11,12,10.71,3.3971592
11,12,13.15,3.3971786
11,12,15.599,3.3971926
11,12,18.047,3.3972023
11,12,20.486,3.3972141
11,12,22.929,3.3972303
11,12,25.372,3.3972421
11,12,27.815,3.3972605
11,12,30.254,3.3972691
11,12,32.684,3.3972885
11,12,35.127,3.3972992
11,12,37.551,3.3973154
11,12,39.986,3.3973294
11,12,42.435,3.3973542
11,12,44.875,3.3973628
11,12,47.313,3.3973779
11,12,49.75,3.3973983
11,12,52.188,3.3974102
11,12,54.631,3.3974242
11,12,57.071,3.3974447
11,12,59.51,3.3974522
11,13,1.95,3.3974748
11,13,4.385,3.3974899
11,13,6.832,3.3975061
11,13,9.28,3.3975222
11,13,11.721,3.3975438
11,13,14.163,3.3975578
11,13,16.596,3.3975729
11,13,19.021,3.3975966
11,13,21.46,3.3976117
11,13,23.909,3.3976321
11,13,26.344,3.3976483
11,13,28.776,3.3976612
11,13,31.216,3.3976774
11,13,33.652,3.3976968
11,13,36.102,3.3977151
11,13,38.532,3.3977399
11,13,40.959,3.3977539
11,13,43.392,3.3977743
11,13,45.834,3.3977916
11,13,48.274,3.3978153
11,13,50.714,3.3978314
11,13,53.152,3.3978476
11,13,55.597,3.397868
11,13,58.024,3.3978896
11,14,0.467,3.3979068
11,14,2.914,3.3979273
11,14,5.344,3.3979499
11,14,7.783,3.3979736
11,14,10.223,3.3979909
11,14,12.66,3.3980124
11,14,15.099,3.398034
11,14,17.534,3.3980566
11,14,19.982,3.3980695
11,14,22.413,3.3980889
11,14,24.855,3.3981158
11,14,27.295,3.3981363
11,14,29.737,3.3981535
11,14,32.178,3.3981859
11,14,34.617,3.3982085
11,14,37.056,3.3982289
11,14,39.515,3.3982505
11,14,41.945,3.398272
11,14,44.394,3.3982936
11,14,46.836,3.3983162
11,14,49.275,3.3983356
11,14,51.718,3.3983668
11,14,54.153,3.3983841
11,14,56.587,3.3984142
11,14,59.031,3.3984347
11,15,1.478,3.3984627
11,15,3.916,3.3984864
11,15,6.36,3.3985112
11,15,8.799,3.3985295
11,15,11.246,3.3985607
11,15,13.691,3.3985888
11,15,16.143,3.3986157
11,15,18.584,3.3986351
11,15,21.023,3.398662
11,15,23.473,3.3986836
11,15,25.914,3.3987062
11,15,28.352,3.3987374
11,15,30.8,3.3987622
11,15,33.23,3.3987945
11,15,35.669,3.398815
11,15,38.105,3.3988387
11,15,40.543,3.398871
11,15,42.972,3.3988979
11,15,45.41,3.398927
11,15,47.843,3.3989593
11,15,50.278,3.398983
11,15,52.709,3.3990067
11,15,55.139,3.3990326
11,15,57.591,3.3990649
11,16,0.024,3.3990908
11,16,2.475,3.3991209
11,16,4.923,3.3991468
11,16,7.372,3.399177
11,16,9.81,3.3992071
11,16,12.25,3.3992319
11,16,14.698,3.3992664
11,16,17.133,3.3992944
11,16,19.581,3.3993224
11,16,22.031,3.3993536
11,16,24.467,3.3993795
11,16,26.898,3.3994118
11,16,29.347,3.3994398
11,16,31.777,3.3994765
11,16,34.214,3.3995002
11,16,36.654,3.3995325
11,16,39.093,3.3995648
11,16,41.534,3.3995939
11,16,43.973,3.3996283
11,16,46.411,3.399665
11,16,48.835,3.3996962
11,16,51.272,3.3997253
11,16,53.711,3.399763
11,16,56.147,3.3997899
11,16,58.597,3.399832
11,17,1.038,3.3998578
11,17,3.476,3.3998901
11,17,5.907,3.3999268
11,17,8.346,3.399958
11,17,10.782,3.3999914
11,17,13.219,3.4000323
11,17,15.66,3.4000571
11,17,18.096,3.4000937
11,17,20.547,3.4001314
11,17,22.98,3.4001692
11,17,25.418,3.4002015
11,17,27.848,3.4002424
11,17,30.288,3.4002683
11,17,32.738,3.400306
11,17,35.17,3.4003448
11,17,37.6,3.4003878
11,17,40.037,3.400418
11,17,42.467,3.40046
11,17,44.9,3.4004891
11,17,47.339,3.4005247
11,17,49.777,3.4005634
11,17,52.207,3.4006076
11,17,54.65,3.4006367
11,17,57.072,3.4006787
11,17,59.536,3.4007153
11,18,1.996,3.4007595
11,18,4.426,3.400794
11,18,6.863,3.4008382
11,18,9.303,3.4008715
11,18,11.737,3.4009125
11,18,14.178,3.4009534
11,18,16.607,3.4009954
11,18,19.038,3.4010321
11,18,21.47,3.4010676
11,18,23.91,3.401115
11,18,26.344,3.4011516
11,18,28.777,3.4011947
11,18,31.217,3.4012303
11,18,33.658,3.4012734
11,18,36.095,3.4013111
11,18,38.533,3.4013553
11,18,40.983,3.4013983
11,18,43.413,3.4014425
11,18,45.846,3.4014824
11,18,48.285,3.4015298
11,18,50.716,3.4015729
11,18,53.148,3.4016149
11,18,55.572,3.4016634
11,18,58.005,3.4017054
11,19,0.445,3.4017442
11,19,2.891,3.4017948
11,19,5.328,3.4018314
11,19,7.768,3.4018831
11,19,10.202,3.4019305
11,19,12.641,3.4019736
11,19,15.086,3.402021
11,19,17.523,3.4020673
11,19,19.973,3.4021094
11,19,22.412,3.4021589
11,19,24.849,3.4022063
11,19,27.297,3.4022516
11,19,29.722,3.4022957
11,19,32.174,3.4023431
11,19,34.613,3.4023873
11,19,37.044,3.402439
11,19,39.482,3.4024853
11,19,41.939,3.402536
11,19,44.379,3.4025844
11,19,46.82,3.4026297
11,19,49.257,3.4026814
11,19,51.702,3.4027374
11,19,54.126,3.4027794
11,19,56.564,3.4028344
11,19,59.006,3.4028839
11,20,1.446,3.4029378
11,20,3.876,3.4029906
11,20,6.314,3.4030369
11,20,8.749,3.4030929
11,20,11.189,3.4031479
11,20,13.63,3.4032007
11,20,16.069,3.4032491
11,20,18.506,3.4033008
11,20,20.93,3.4033536
11,20,23.364,3.4034064
11,20,25.8,3.4034635
11,20,28.237,3.4035206
11,20,30.682,3.4035766
11,20,33.131,3.4036337
11,20,35.568,3.4036833
11,20,38.002,3.4037425
11,20,40.436,3.4037964
11,20,42.86,3.4038621
11,20,45.299,3.4039149
11,20,47.74,3.4039634
11,20,50.171,3.4040291
11,20,52.611,3.4040851
11,20,55.043,3.4041401
11,20,57.471,3.4041993
11,20,59.904,3.4042629
11,21,2.353,3.4043146
11,21,4.776,3.4043792
11,21,7.223,3.4044352
11,21,9.656,3.4044945
11,21,12.092,3.4045602
11,21,14.546,3.4046216
11,21,16.983,3.4046873
11,21,19.419,3.4047423
11,21,21.863,3.4048112
11,21,24.3,3.4048715
11,21,26.733,3.4049383
11,21,29.175,3.4050019
11,21,31.617,3.405059
11,21,34.061,3.4051355
11,21,36.5,3.4051958
11,21,38.929,3.4052669
11,21,41.379,3.4053326
11,21,43.809,3.4053994
11,21,46.247,3.4054684
11,21,48.686,3.4055405
11,21,51.116,3.4056073
11,21,53.563,3.4056731
11,21,55.993,3.4057442
11,21,58.43,3.4058206
11,22,0.855,3.4058864
11,22,3.296,3.4059618
11,22,5.747,3.4060286
11,22,8.185,3.4061018
11,22,10.627,3.4061794
11,22,13.07,3.4062613
11,22,15.504,3.4063356
11,22,17.937,3.4064045
11,22,20.377,3.406481
11,22,22.818,3.406564
11,22,25.251,3.4066362
11,22,27.69,3.4067148
11,22,30.126,3.4067924
11,22,32.564,3.4068721
11,22,34.997,3.406954
11,22,37.435,3.4070401
11,22,39.876,3.4071166
11,22,42.316,3.407191
11,22,44.757,3.4072782
11,22,47.186,3.4073623
11,22,49.623,3.407443
11,22,52.075,3.4075357
11,22,54.509,3.4076176
11,22,56.944,3.4077016
11,22,59.385,3.4077899
11,23,1.833,3.4078783
11,23,4.264,3.4079666
11,23,6.701,3.4080614
11,23,9.156,3.4081508
11,23,11.589,3.4082381
11,23,14.029,3.4083329
11,23,16.47,3.4084234
11,23,18.901,3.4085171
11,23,21.332,3.4086087
11,23,23.772,3.4087003
11,23,26.204,3.4088004
11,23,28.655,3.4088974
11,23,31.101,3.4089965
11,23,33.54,3.4090935
11,23,35.978,3.4091904
11,23,38.431,3.4092928
11,23,40.859,3.4093973
11,23,43.291,3.4094964
11,23,45.738,3.4095944
11,23,48.167,3.4097011
11,23,50.597,3.4098056
11,23,53.029,3.4099187
11,23,55.47,3.4100242
11,23,57.905,3.4101363
11,24,0.34,3.410244
11,24,2.778,3.4103539
11,24,5.217,3.410467
11,24,7.654,3.4105812
11,24,10.095,3.4106986
11,24,12.533,3.4108074
11,24,14.97,3.410927
11,24,17.41,3.4110509
11,24,19.845,3.4111651
11,24,22.284,3.4112804
11,24,24.724,3.4114053
11,24,27.159,3.4115249
11,24,29.589,3.411652
11,24,32.041,3.411777
11,24,34.5,3.4119009
11,24,36.932,3.4120259
11,24,39.373,3.4121541
11,24,41.806,3.4122866
11,24,44.247,3.4124212
11,24,46.688,3.4125548
11,24,49.127,3.4126916
11,24,51.567,3.4128263
11,24,54.002,3.4129588
11,24,56.435,3.413101
11,24,58.866,3.4132432
11,25,1.315,3.4133779
11,25,3.763,3.4135168
11,25,6.203,3.4136709
11,25,8.637,3.4138142
11,25,11.067,3.4139596
11,25,13.507,3.4141072
11,25,15.954,3.4142634
11,25,18.384,3.4144078
11,25,20.826,3.4145597
11,25,23.257,3.4147126
11,25,25.696,3.4148645
11,25,28.137,3.4150283
11,25,30.575,3.4151813
11,25,33.006,3.4153439
11,25,35.445,3.4155066
11,25,37.883,3.4156757
11,25,40.317,3.4158352
11,25,42.751,3.4160075
11,25,45.195,3.416167
11,25,47.647,3.4163394
11,25,50.085,3.4165053
11,25,52.525,3.4166744
11,25,54.974,3.4168457
11,25,57.413,3.4170159
11,25,59.852,3.4171936
11,26,2.282,3.4173682
11,26,4.72,3.4175416
11,26,7.151,3.4177161
11,26,9.587,3.4178928
11,26,12.017,3.4180727
11,26,14.451,3.4182451
11,26,16.892,3.4184261
11,26,19.333,3.4186071
11,26,21.771,3.4187816
11,26,24.214,3.4189583
11,26,26.645,3.4191392
11,26,29.087,3.4193288
11,26,31.525,3.4195098
11,26,33.971,3.4196908
11,26,36.412,3.4198772
11,26,38.845,3.420056
11,26,41.296,3.420237
11,26,43.734,3.4204169
11,26,46.186,3.4205925
11,26,48.625,3.4207767
11,26,51.066,3.4209523
11,26,53.504,3.4211409
11,26,55.952,3.42131
11,26,58.392,3.4214942
11,27,0.827,3.421672
11,27,3.269,3.4218519
11,27,5.71,3.4220221
11,27,8.152,3.4221912
11,27,10.591,3.4223679
11,27,13.026,3.4225413
11,27,15.466,3.4227094
11,27,17.903,3.4228742
11,27,20.333,3.4230347
11,27,22.776,3.4232006
11,27,25.213,3.4233633
11,27,27.641,3.423526
11,27,30.084,3.4236833
11,27,32.516,3.4238416
11,27,34.954,3.4239903
11,27,37.393,3.4241519
11,27,39.828,3.4242941
11,27,42.267,3.424446
11,27,44.706,3.4245893
11,27,47.137,3.4247433
11,27,49.569,3.424878
11,27,52.007,3.4250245
11,27,54.455,3.4251581
11,27,56.885,3.4252906
11,27,59.334,3.4254242
11,28,1.764,3.4255556
11,28,4.204,3.425687
11,28,6.639,3.4258066
11,28,9.075,3.4259316
11,28,11.506,3.4260544
11,28,13.95,3.4261761
11,28,16.391,3.4262989
11,28,18.829,3.4264088
11,28,21.269,3.426523
11,28,23.704,3.4266361
11,28,26.151,3.4267396
11,28,28.607,3.4268441
11,28,31.054,3.4269464
11,28,33.495,3.4270541
11,28,35.933,3.4271457
11,28,38.372,3.427248
11,28,40.799,3.4273461
11,28,43.231,3.4274333
11,28,45.67,3.4275249
11,28,48.113,3.4276186
11,28,50.543,3.4277059
11,28,52.981,3.4277985
11,28,55.423,3.427888
11,28,57.854,3.4279688
11,29,0.283,3.4280463
11,29,2.72,3.4281293
11,29,5.164,3.4282068
11,29,7.603,3.4282866
11,29,10.035,3.4283609
11,29,12.475,3.4284438
11,29,14.912,3.4285139
11,29,17.352,3.428586
11,29,19.793,3.4286507
11,29,22.226,3.4287282
11,29,24.668,3.4287918
11,29,27.109,3.428864
11,29,29.551,3.4289243
11,29,31.983,3.4289954
11,29,34.432,3.4290633
11,29,36.86,3.4291225
11,29,39.297,3.4291786
11,29,41.736,3.4292421
11,29,44.175,3.4293014
11,29,46.617,3.429366
11,29,49.055,3.4294199
11,29,51.486,3.4294748
11,29,53.921,3.4295341
11,29,56.363,3.4295901
11,29,58.793,3.4296461
11,30,1.228,3.4297032
11,30,3.672,3.4297603
11,30,6.111,3.4298109
11,30,8.552,3.4298648
11,30,11.008,3.4299122
11,30,13.45,3.4299682
11,30,15.891,3.4300221
11,30,18.329,3.4300673
11,30,20.762,3.430118
11,30,23.201,3.4301718
11,30,25.639,3.4302235
11,30,28.079,3.4302731
11,30,30.52,3.4303259
11,30,32.968,3.4303808
11,30,35.398,3.4304261
11,30,37.832,3.4304767
11,30,40.271,3.430523
11,30,42.724,3.4305704
11,30,45.164,3.4306135
11,30,47.611,3.4306652
11,30,50.042,3.4307094
11,30,52.481,3.4307611
11,30,54.91,3.4308053
11,30,57.341,3.4308505
11,30,59.782,3.4308925
11,31,2.222,3.4309485
11,31,4.671,3.4309906
11,31,7.102,3.4310423
11,31,9.553,3.4310843
11,31,11.99,3.4311349
11,31,14.429,3.4311715
11,31,16.874,3.4312265
11,31,19.315,3.4312685
11,31,21.745,3.431317
11,31,24.186,3.4313633
11,31,26.626,3.4314129
11,31,29.064,3.4314463
11,31,31.498,3.4315044
11,31,33.951,3.4315454
11,31,36.39,3.4315874
11,31,38.83,3.4316402
11,31,41.271,3.4316779
11,31,43.71,3.4317339
11,31,46.14,3.4317759
11,31,48.578,3.431819
11,31,51.017,3.4318632
11,31,53.45,3.431916
11,31,55.893,3.4319494
11,31,58.34,3.4320043
11,32,0.775,3.4320452
11,32,3.205,3.4320916
11,32,5.639,3.4321454
11,32,8.081,3.4321842
11,32,10.52,3.4322316
11,32,12.963,3.4322758
11,32,15.394,3.4323221
11,32,17.828,3.4323738
11,32,20.266,3.4324201
11,32,22.708,3.4324675
11,32,25.153,3.4325106
11,32,27.594,3.4325602
11,32,30.031,3.4326044
11,32,32.47,3.4326528
11,32,34.904,3.4327024
11,32,37.336,3.4327606
11,32,39.772,3.4328015
11,32,42.215,3.4328478
11,32,44.654,3.4328888
11,32,47.107,3.4329405
11,32,49.545,3.4329889
11,32,51.98,3.433032
11,32,54.425,3.4330848
11,32,56.86,3.4331344
11,32,59.316,3.4331861
11,33,1.746,3.4332303
11,33,4.179,3.4332777
11,33,6.628,3.4333272
11,33,9.062,3.4333768
11,33,11.502,3.433422
11,33,13.945,3.4334737
11,33,16.385,3.4335222
11,33,18.821,3.4335728
11,33,21.265,3.4336213
11,33,23.7,3.433673
11,33,26.138,3.4337237
11,33,28.591,3.4337754
11,33,31.033,3.4338228
11,33,33.475,3.4338713
11,33,35.919,3.4339251
11,33,38.367,3.4339768
11,33,40.794,3.4340264
11,33,43.232,3.4340749
11,33,45.671,3.4341298
11,33,48.113,3.4341847
11,33,50.546,3.4342278
11,33,52.977,3.4342817
11,33,55.421,3.4343377
11,33,57.856,3.4343884
11,34,0.3,3.4344368
11,34,2.729,3.4344907
11,34,5.176,3.4345403
11,34,7.606,3.4345973
11,34,10.05,3.4346426
11,34,12.492,3.4346975
11,34,14.949,3.4347514
11,34,17.373,3.4348139
11,34,19.813,3.4348581
11,34,22.251,3.4349162
11,34,24.677,3.4349733
11,34,27.11,3.4350207
11,34,29.557,3.4350811
11,34,31.997,3.435136
11,34,34.432,3.4351888
11,34,36.876,3.435247
11,34,39.323,3.4353008
11,34,41.762,3.4353558
11,34,44.202,3.4354096
11,34,46.642,3.4354646
11,34,49.077,3.4355227
11,34,51.514,3.4355788
11,34,53.964,3.4356359
11,34,56.408,3.4356919
11,34,58.842,3.435749
11,35,1.277,3.4358018
11,35,3.717,3.435861
11,35,6.158,3.4359149
11,35,8.591,3.4359838
11,35,11.03,3.4360334
11,35,13.47,3.436098
11,35,15.91,3.4361583
11,35,18.348,3.4362176
11,35,20.782,3.4362704
11,35,23.22,3.4363307
11,35,25.659,3.4363824
11,35,28.097,3.4364471
11,35,30.528,3.4365052
11,35,32.97,3.4365623
11,35,35.411,3.436628
11,35,37.849,3.4366916
11,35,40.299,3.4367433
11,35,42.732,3.4368101
11,35,45.17,3.4368672
11,35,47.606,3.4369286
11,35,50.04,3.43699
11,35,52.485,3.4370482
11,35,54.914,3.4371128
11,35,57.355,3.4371785
11,35,59.81,3.4372453
11,36,2.247,3.4373057
11,36,4.689,3.4373703
11,36,7.122,3.4374285
11,36,9.566,3.4374953
11,36,12.006,3.4375664
11,36,14.444,3.4376202
11,36,16.889,3.437687
11,36,19.323,3.4377495
11,36,21.754,3.4378152
11,36,24.183,3.4378734
11,36,26.621,3.4379456
11,36,29.065,3.438007
11,36,31.497,3.4380781
11,36,33.937,3.438146
11,36,36.37,3.4382095
11,36,38.812,3.4382731
11,36,41.252,3.4383453
11,36,43.691,3.4384099
11,36,46.124,3.4384778
11,36,48.553,3.4385424
11,36,51.001,3.4386124
11,36,53.436,3.4386857
11,36,55.878,3.4387492
11,36,58.322,3.4388203
11,37,0.756,3.4388904
11,37,3.182,3.4389582
11,37,5.622,3.4390261
11,37,8.072,3.4390994
11,37,10.503,3.4391705
11,37,12.932,3.4392373
11,37,15.374,3.4393105
11,37,17.818,3.4393827
11,37,20.271,3.4394581
11,37,22.71,3.4395227
11,37,25.146,3.439596
11,37,27.585,3.439666
11,37,30.034,3.4397425
11,37,32.483,3.4398115
11,37,34.936,3.4398836
11,37,37.372,3.4399612
11,37,39.804,3.4400312
11,37,42.257,3.4401012
11,37,44.707,3.4401767
11,37,47.138,3.4402564
11,37,49.571,3.4403242
11,37,52.02,3.4404029
11,37,54.457,3.4404794
11,37,56.896,3.4405548
11,37,59.321,3.4406237
11,38,1.769,3.4407045
11,38,4.201,3.4407832
11,38,6.642,3.4408586
11,38,9.068,3.4409415
11,38,11.499,3.4410159
11,38,13.937,3.4410913
11,38,16.382,3.4411721
11,38,18.814,3.4412496
11,38,21.266,3.4413294
11,38,23.702,3.4414155
11,38,26.145,3.441492
11,38,28.577,3.4415761
11,38,31.018,3.4416472
11,38,33.452,3.4417344
11,38,35.891,3.4418131
11,38,38.329,3.4418982
11,38,40.769,3.4419714
11,38,43.218,3.4420555
11,38,45.656,3.4421406
11,38,48.111,3.4422203
11,38,50.534,3.4423043
11,38,52.966,3.4423873
11,38,55.401,3.4424724
11,38,57.84,3.4425553
11,39,0.278,3.4426361
11,39,2.717,3.4427234
11,39,5.17,3.4428128
11,39,7.6,3.4428904
11,39,10.033,3.4429819
11,39,12.466,3.4430714
11,39,14.907,3.4431543
11,39,17.35,3.4432491
11,39,19.799,3.4433277
11,39,22.223,3.4434215
11,39,24.671,3.4435098
11,39,27.112,3.4436025
11,39,29.536,3.443693
11,39,31.967,3.4437824
11,39,34.415,3.4438696
11,39,36.848,3.443959
11,39,39.282,3.4440592
11,39,41.713,3.4441443
11,39,44.162,3.4442348
11,39,46.603,3.4443383
11,39,49.05,3.4444255
11,39,51.489,3.4445235
11,39,53.927,3.4446173
11,39,56.359,3.4447099
11,39,58.796,3.4448004
11,40,1.234,3.4448952
11,40,3.674,3.4449889
11,40,6.111,3.445088
11,40,8.556,3.4451861
11,40,10.99,3.4452852
11,40,13.423,3.4453821
11,40,15.861,3.4454845
11,40,18.293,3.4455804
11,40,20.724,3.4456773
11,40,23.159,3.4457786
11,40,25.593,3.445882
11,40,28.032,3.4459811
11,40,30.473,3.4460824
11,40,32.914,3.446188
11,40,35.361,3.4462957
11,40,37.793,3.4463937
11,40,40.23,3.4464971
11,40,42.668,3.4466016
11,40,45.109,3.4467061
11,40,47.546,3.446815
11,40,49.988,3.4469259
11,40,52.428,3.4470293
11,40,54.871,3.4471295
11,40,57.31,3.4472448
11,40,59.752,3.4473536
11,41,2.192,3.4474613
11,41,4.634,3.4475734
11,41,7.063,3.4476854
11,41,9.501,3.4477985
11,41,11.942,3.4479116
11,41,14.376,3.4480215
11,41,16.806,3.4481379
11,41,19.255,3.4482521
11,41,21.695,3.4483673
11,41,24.132,3.4484837
11,41,26.572,3.4486033
11,41,29.014,3.4487164
11,41,31.457,3.4488295
11,41,33.891,3.4489469
11,41,36.329,3.4490687
11,41,38.78,3.4491796
11,41,41.216,3.44931
11,41,43.656,3.4494274
11,41,46.099,3.4495491
11,41,48.538,3.4496773
11,41,50.983,3.4497969
11,41,53.419,3.449924
11,41,55.858,3.4500425
11,41,58.293,3.4501696
11,42,0.727,3.4502914
11,42,3.17,3.4504217
11,42,5.602,3.4505445
11,42,8.032,3.4506792
11,42,10.465,3.4508053
11,42,12.894,3.4509464
11,42,15.332,3.4510627
11,42,17.771,3.4512017
11,42,20.212,3.4513342
11,42,22.661,3.4514721
11,42,25.089,3.4515981
11,42,27.521,3.4517371
11,42,29.953,3.4518707
11,42,32.394,3.4520107
11,42,34.823,3.4521529
11,42,37.273,3.4522941
11,42,39.705,3.4524341
11,42,42.143,3.4525763
11,42,44.592,3.4527175
11,42,47.032,3.4528586
11,42,49.468,3.4530094
11,42,51.902,3.4531538
11,42,54.344,3.4533024
11,42,56.79,3.45345
11,42,59.222,3.4535922
11,43,1.661,3.4537398
11,43,4.091,3.4538895
11,43,6.535,3.4540458
11,43,8.973,3.4541987
11,43,11.422,3.4543506
11,43,13.863,3.4545079
11,43,16.301,3.4546566
11,43,18.727,3.4548149
11,43,21.173,3.4549712
11,43,23.613,3.4551435
11,43,26.042,3.4552965
11,43,28.493,3.4554613
11,43,30.925,3.4556111
11,43,33.357,3.4557867
11,43,35.796,3.4559536
11,43,38.226,3.4561228
11,43,40.676,3.4562951
11,43,43.11,3.4564675
11,43,45.548,3.4566377
11,43,47.986,3.4568047
11,43,50.427,3.4569814
11,43,52.861,3.4571548
11,43,55.308,3.4573315
11,43,57.742,3.4575093
11,44,0.183,3.4576859
11,44,2.617,3.4578658
11,44,5.056,3.4580598
11,44,7.495,3.4582429
11,44,9.95,3.4584282
11,44,12.386,3.4586156
11,44,14.823,3.4588052
11,44,17.263,3.458997
11,44,19.701,3.4591866
11,44,22.141,3.459387
11,44,24.582,3.4595841
11,44,27.013,3.4597716
11,44,29.451,3.459972
11,44,31.889,3.4601723
11,44,34.321,3.4603729
11,44,36.761,3.4605819
11,44,39.196,3.4607855
11,44,41.637,3.4609913
11,44,44.078,3.4612057
11,44,46.515,3.4614265
11,44,48.963,3.4616366
11,44,51.412,3.4618563
11,44,53.845,3.4620675
11,44,56.271,3.4622948
11,44,58.709,3.4625167
11,45,1.142,3.4627494
11,45,3.581,3.4629746
11,45,6.018,3.4632008
11,45,8.458,3.46344
11,45,10.905,3.4636727
11,45,13.344,3.4639151
11,45,15.782,3.4641488
11,45,18.222,3.4643923
11,45,20.645,3.464639
11,45,23.079,3.4648922
11,45,25.518,3.4651399
11,45,27.96,3.4653942
11,45,30.412,3.4656484
11,45,32.849,3.4659113
11,45,35.292,3.4661688
11,45,37.737,3.4664381
11,45,40.169,3.466702
11,45,42.611,3.4669724
11,45,45.046,3.467245
11,45,47.478,3.4675262
11,45,49.93,3.4678095
11,45,52.379,3.4680853
11,45,54.824,3.4683783
11,45,57.26,3.4686724
11,45,59.702,3.4689643
11,46,2.143,3.4692584
11,46,4.582,3.4695622
11,46,7.023,3.4698725
11,46,9.473,3.4701817
11,46,11.902,3.4704941
11,46,14.342,3.4708054
11,46,16.78,3.4711308
11,46,19.219,3.4714583
11,46,21.66,3.4717922
11,46,24.088,3.4721219
11,46,26.535,3.4724731
11,46,28.975,3.4728232
11,46,31.425,3.4731679
11,46,33.859,3.4735235
11,46,36.29,3.4738822
11,46,38.729,3.4742452
11,46,41.163,3.4746191
11,46,43.602,3.4749983
11,46,46.036,3.4753764
11,46,48.487,3.4757707
11,46,50.924,3.4761661
11,46,53.361,3.476569
11,46,55.795,3.476973
11,46,58.229,3.4773845
11,47,0.667,3.47781
11,47,3.1,3.4782355
11,47,5.538,3.4786708
11,47,7.977,3.4791114
11,47,10.418,3.4795617
11,47,12.849,3.480026
11,47,15.283,3.4804892
11,47,17.716,3.4809643
11,47,20.152,3.4814491
11,47,22.591,3.4819382
11,47,25.026,3.4824488
11,47,27.469,3.4829627
11,47,29.91,3.4834874
11,47,32.348,3.4840325
11,47,34.779,3.4845711
11,47,37.219,3.4851248
11,47,39.66,3.4857012
11,47,42.092,3.4862905
11,47,44.542,3.4868938
11,47,46.981,3.4875046
11,47,49.412,3.4881327
11,47,51.855,3.4887833
11,47,54.293,3.4894308
11,47,56.73,3.4901127
11,47,59.176,3.4908119
11,48,1.609,3.4915186
11,48,4.047,3.4922479
11,48,6.487,3.4929999
11,48,8.917,3.4937723
11,48,11.354,3.494577
11,48,13.795,3.4953958
11,48,16.238,3.4962339
11,48,18.662,3.4971022
11,48,21.095,3.4979985
11,48,23.532,3.4989261
11,48,25.972,3.4998838
11,48,28.409,3.500876
11,48,30.843,3.5019016
11,48,33.28,3.5029692
11,48,35.719,3.5040669
11,48,38.154,3.5052132
11,48,40.593,3.506396
11,48,43.026,3.5076382
11,48,45.475,3.5089374
11,48,47.903,3.5102797
11,48,50.341,3.5116931
11,48,52.781,3.5131614
11,48,55.214,3.5147052
11,48,57.655,3.516319
11,49,0.096,3.5180265
11,49,2.536,3.5198137
11,49,4.975,3.5216958
11,49,7.413,3.5236963
11,49,9.848,3.5257981
11,49,12.286,3.5280292
11,49,14.716,3.5290763
11,49,17.148,3.5299608
11,49,19.585,3.530897
11,49,22.018,3.5318935
11,49,24.458,3.5330946
11,49,26.887,3.5341536
11,49,29.321,3.5350736
11,49,31.771,3.5362166
11,49,34.209,3.5372056
11,49,36.647,3.5384369
11,49,39.083,3.5396834
11,49,41.514,3.5408178
11,49,43.951,3.5420146
11,49,46.393,3.5433085
11,49,48.833,3.5445581
11,49,51.274,3.5456828
11,49,53.712,3.5470025
11,49,56.17,3.5480949
11,49,58.612,3.5494415
11,50,1.047,3.5506438
11,50,3.484,3.5518288
11,50,5.923,3.553156
11,50,8.357,3.5544757
11,50,10.791,3.5555735
11,50,13.221,3.5567488
11,50,15.658,3.5578369
11,50,18.097,3.559163
11,50,20.534,3.5603728
11,50,22.974,3.5615826
11,50,25.422,3.5627461
11,50,27.876,3.5638202
11,50,30.309,3.5651022
11,50,32.734,3.5661207
11,50,35.17,3.5671215
11,50,37.615,3.5681503
11,50,40.065,3.5693397
11,50,42.507,3.570097
11,50,44.94,3.5710062
11,50,47.376,3.5719101
11,50,49.82,3.5728829
11,50,52.274,3.573902
11,50,54.724,3.5749998
11,50,57.151,3.5757614
11,50,59.583,3.5766717
11,51,2.036,3.5774301
11,51,4.46,3.5782144
11,51,6.893,3.5790256
11,51,9.331,3.5799963
11,51,11.772,3.5806006
11,51,14.205,3.5814495
11,51,16.639,3.5820744
11,51,19.072,3.5827628
11,51,21.513,3.5835416
11,51,23.948,3.584188
11,51,26.391,3.5848818
11,51,28.833,3.5855939
11,51,31.282,3.5863124
11,51,33.722,3.5868953
11,51,36.158,3.5874673
11,51,38.599,3.5880943
11,51,41.037,3.5885521
11,51,43.478,3.5892158
11,51,45.915,3.5897145
11,51,48.359,3.5902198
11,51,50.809,3.5907057
11,51,53.248,3.5913197
11,51,55.681,3.5917345
11,51,58.125,3.5922623
11,52,0.567,3.5926426
11,52,2.995,3.5929809
11,52,5.436,3.5935508
11,52,7.874,3.5939138
11,52,10.314,3.5942166
11,52,12.751,3.5945774
11,52,15.191,3.5949523
11,52,17.626,3.5953229
11,52,20.065,3.5957032
11,52,22.501,3.5959801
11,52,24.937,3.5963205
11,52,27.374,3.596606
11,52,29.806,3.5968312
11,52,32.249,3.5970186
11,52,34.699,3.5972836
11,52,37.133,3.5976208
11,52,39.566,3.5977652
11,52,42.009,3.5978201
11,52,44.439,3.598125
11,52,46.879,3.5983307
11,52,49.309,3.5986485
11,52,51.748,3.5989534
11,52,54.18,3.599017
11,52,56.612,3.5991258
11,52,59.043,3.5991484
11,53,1.481,3.5995546
11,53,3.916,3.5996709
11,53,6.359,3.600132